label,seed,n_cf,queries_with_no_cf,validity,actionability_eq1,act_route,proximity_L1,sparsity,n_changes,indicator_changes,cf_touching_indicator,unsupported_role_rule,unsupported_edge_rule,fully_unactionable,admissible_universal,admissible_existential,reading_gap,rounds_mean,rounds_max,grades,aligned
route_A_lever,42,1000,0,0.852,0.987,1.0,1.559098484848485,0.0722857142857142,1518,170,170,0,0,0,1000,1000,0,1.715,4,,
route_B_lever_treatable,42,1000,0,0.8619999999999999,0.99,1.0,1.5677227272727274,0.0744285714285714,1563,240,240,80,80,0,1000,1000,0,1.545,3,,
route_A_lever,123,1000,0,0.8760000000000001,0.985,1.0,1.6121757575757578,0.0718571428571428,1509,149,149,0,0,0,1000,1000,0,1.675,4,,
route_B_lever_treatable,123,1000,0,0.8809999999999999,0.985,1.0,1.6113681818181818,0.0729523809523809,1532,206,206,66,66,0,1000,1000,0,1.54,3,,
route_A_lever,2024,1000,0,0.862,0.987,1.0,1.5663303030303033,0.0711428571428571,1494,156,156,0,0,0,1000,1000,0,1.67,4,,
route_B_lever_treatable,2024,1000,0,0.86,0.988,1.0,1.5677257575757575,0.0723809523809523,1520,202,202,58,58,0,1000,1000,0,1.52,3,,
route_A_lever,7,1000,0,0.8580000000000001,0.986,1.0,1.556889393939394,0.0708095238095238,1487,146,146,0,0,0,1000,1000,0,1.645,4,,
route_B_lever_treatable,7,1000,0,0.855,0.988,1.0,1.5514166666666669,0.0718095238095238,1508,193,193,54,54,0,1000,1000,0,1.54,4,,
route_A_lever,31337,1000,0,0.8630000000000001,0.984,1.0,1.576169696969697,0.0708095238095238,1487,146,146,0,0,0,1000,1000,0,1.665,5,,
route_B_lever_treatable,31337,1000,0,0.866,0.985,1.0,1.583918181818182,0.0728571428571428,1530,211,211,75,75,0,1000,1000,0,1.53,3,,
route_C_lever_graded,42,1000,0,0.843,0.985,1.0,1.5152454545454546,0.0673333333333333,1414,0,0,0,0,0,1000,1000,0,1.985,4,ABC,
route_C_lever_graded,123,1000,0,0.87,0.984,1.0,1.5741575757575756,0.0676666666666666,1421,0,0,0,0,0,1000,1000,0,2.005,7,ABC,
route_C_lever_graded,2024,1000,0,0.8510000000000001,0.987,1.0,1.5556121212121212,0.0672380952380952,1412,0,0,0,0,0,1000,1000,0,1.975,4,ABC,
route_C_lever_graded,7,1000,0,0.843,0.984,1.0,1.5248424242424243,0.067047619047619,1408,0,0,0,0,0,1000,1000,0,1.96,5,ABC,
route_C_lever_graded,31337,1000,0,0.8490000000000001,0.983,1.0,1.5320333333333331,0.067,1407,0,0,0,0,0,1000,1000,0,1.96,5,ABC,
baseline_published,42,1000,0,0.8079999999999999,0.9880000000000001,0.8559210526315789,1.4710469696969697,0.07238095238095238,1520,339,330,172,210,111,790,790,0,1.0,1,all,True
baseline_published,123,1000,0,0.8130000000000002,0.9890000000000001,0.848761408083442,1.490357575757576,0.07304761904761904,1534,335,322,180,219,102,781,781,0,1.0,1,all,True
baseline_published,2024,1000,0,0.809,0.9830000000000001,0.8458498023715415,1.4593166666666668,0.07228571428571429,1518,332,317,180,219,104,781,781,0,1.0,1,all,True
baseline_published,7,1000,0,0.8160000000000001,0.9880000000000001,0.8497033618984838,1.4849030303030304,0.07223809523809524,1517,349,333,176,212,97,788,788,0,1.0,1,all,True
baseline_published,31337,1000,0,0.8190000000000001,0.9890000000000001,0.8521970705725699,1.4639757575757577,0.07152380952380953,1502,324,310,170,208,107,792,792,0,1.0,1,all,True
