seed,config,auc,validity,actionability,total_changes,indicator_changes,queries_no_cf,narrow_role_cf_touching,narrow_role_unsupported_cfs,narrow_role_unsupported_changes,narrow_edge_cf_touching,narrow_edge_unsupported_cfs,narrow_edge_unsupported_changes,broad_role_cf_touching,broad_role_unsupported_cfs,broad_role_unsupported_changes,broad_edge_cf_touching,broad_edge_unsupported_cfs,broad_edge_unsupported_changes,pure_indicator_cfs,unsupported_cfs
42,published,0.8233,0.808,0.988,1520,339,0,330,172,181,330,210,219,502,230,313,502,268,351,111,172
42,graph,0.8233,0.842,0.982,1460,0,0,0,0,0,0,0,0,273,97,122,273,97,122,0,0
123,published,0.8224,0.798,0.975,1470,305,0,296,165,174,296,194,203,515,274,366,515,305,397,100,165
123,graph,0.8224,0.793,0.972,1426,0,0,0,0,0,0,0,0,328,145,175,328,150,180,0,0
2024,published,0.8183,0.793,0.974,1488,304,0,298,159,165,298,186,192,472,216,290,472,245,319,96,159
2024,graph,0.8183,0.815,0.98,1456,0,0,0,0,0,0,0,0,297,108,121,297,109,122,0,0
7,published,0.8221,0.795,0.979,1506,341,0,329,172,184,329,205,217,526,249,340,526,282,373,109,172
7,graph,0.8221,0.826,0.976,1425,0,0,0,0,0,0,0,0,284,89,101,284,90,102,0,0
31337,published,0.8199,0.798,0.972,1507,332,0,322,181,191,322,206,216,518,256,358,518,282,384,97,181
31337,graph,0.8199,0.83,0.979,1452,0,0,0,0,0,0,0,0,302,108,125,302,110,127,0,0
