n,source,source_tier,target,target_tier,grade,ada_source,gloss
1,BMI,lever,HighBP,treatable,A,"SoC 2026, S8, Rec 8.5",Weight loss of 5-7% improves glycaemia and intermediate cardiovascular risk factors.
2,BMI,lever,HighBP,treatable,A,"SoC 2026, S10, Rec 10.5",Weight loss is the first lifestyle behaviour advised above 120/80 mmHg.
3,BMI,lever,HighChol,treatable,A,"SoC 2026, S8, Rec 8.5",Same recommendation; dyslipidaemia is among the intermediate cardiovascular risk factors.
4,Fruits,lever,BMI,lever,A,"SoC 2026, S5, Rec 5.12",Nutrition is one of the three components of the weight-management plan.
5,Fruits,lever,HighBP,treatable,A,"SoC 2026, S10, Rec 10.5",A DASH-style eating pattern is one of the advised lifestyle behaviours.
6,HvyAlcoholConsump,lever,HighBP,treatable,A,"SoC 2026, S10, Rec 10.5",Limiting or avoiding alcohol is one of the advised lifestyle behaviours.
7,PhysActivity,lever,BMI,lever,A,"SoC 2026, S5, Rec 5.12","A weight-management plan built on nutrition, physical activity and behavioural support targets 5-7% weight loss."
8,PhysActivity,lever,BMI,lever,A,"SoC 2026, S8, Rec 8.8a",Structured counselling centred on nutrition and physical activity to achieve a daily energy deficit.
9,PhysActivity,lever,HighBP,treatable,A,"SoC 2026, S10, Rec 10.5",Increased physical activity is one of the advised lifestyle behaviours.
10,Smoker,lever,HighBP,treatable,A,"SoC 2026, S10, Rec 10.5",Smoking cessation is one of the advised lifestyle behaviours.
11,Veggies,lever,BMI,lever,A,"SoC 2026, S5, Rec 5.12",Nutrition is one of the three components of the weight-management plan.
12,Veggies,lever,HighBP,treatable,A,"SoC 2026, S10, Rec 10.5",A DASH-style eating pattern is one of the advised lifestyle behaviours.
13,Fruits,lever,BMI,lever,B,"SoC 2026, S5, Rec 5.14","Eating patterns should emphasise whole fruits, among other principles."
14,HvyAlcoholConsump,lever,HighBP,treatable,B,"SoC 2026, S5, Rec 5.18",Adults with or at risk of diabetes should not exceed recommended daily alcohol limits.
15,Veggies,lever,BMI,lever,B,"SoC 2026, S5, Rec 5.14","Eating patterns should emphasise nonstarchy vegetables, among other principles."
16,Fruits,lever,HighChol,treatable,C,"SoC 2026, S10, Rec 10.15",Lifestyle therapy is intensified for raised triglycerides or low HDL.
17,PhysActivity,lever,HighChol,treatable,C,"SoC 2026, S10, Rec 10.15",Lifestyle therapy is intensified for raised triglycerides or low HDL.
18,Veggies,lever,HighChol,treatable,C,"SoC 2026, S10, Rec 10.15",Lifestyle therapy is intensified for raised triglycerides or low HDL.
19,BMI,lever,GenHlth,indicator,narrative,"SoC 2026, S8, obesity narrative",Obesity treatment is framed as improving health outcomes broadly.
20,BMI,lever,PhysHlth,indicator,narrative,"SoC 2026, S8, obesity narrative",Obesity treatment is framed as improving health outcomes broadly.
21,HighBP,treatable,GenHlth,indicator,narrative,"SoC 2026, S10, narrative",Blood-pressure control is framed as reducing cardiovascular risk and improving outcomes.
22,HighChol,treatable,GenHlth,indicator,narrative,"SoC 2026, S10, narrative",Lipid control is framed as reducing cardiovascular risk and improving outcomes.
23,PhysActivity,lever,GenHlth,indicator,narrative,"SoC 2026, S5, physical activity narrative","Physical activity is described as favourably affecting glycaemia, cardiovascular risk factors, weight, body composition and physical function."
24,PhysActivity,lever,MentHlth,indicator,narrative,"SoC 2026, S5, physical activity narrative","Physical activity is described as favourably affecting psychosocial well-being, and as benefiting depressive symptoms."
25,PhysActivity,lever,PhysHlth,indicator,narrative,"SoC 2026, S5, physical activity narrative",Physical activity is described as favourably affecting mobility and physical function.
26,Smoker,lever,PhysHlth,indicator,narrative,"SoC 2026, S5, tobacco narrative",Smoking is described as causally linked to multiple health risks that affect morbidity in people with diabetes.
