query_i,cf_k,valid,n_changes,no_cf,prox,act
0,0,1,2,0,1.4606060606060607,1.0
0,1,1,1,0,1.290909090909091,1.0
0,2,1,1,0,1.6363636363636365,1.0
0,3,1,1,0,1.3878787878787877,1.0
0,4,1,2,0,2.3878787878787877,1.0
1,0,0,1,0,1.0,1.0
1,1,1,2,0,1.075757575757576,1.0
1,2,1,2,0,1.375757575757576,1.0
1,3,1,2,0,1.2000000000000002,1.0
1,4,1,1,0,1.1090909090909091,1.0
2,0,1,2,0,1.2666666666666666,1.0
2,1,0,1,0,1.0,1.0
2,2,1,2,0,2.0,1.0
2,3,0,1,0,0.6,1.0
2,4,0,1,0,1.0,1.0
3,0,1,1,0,0.9151515151515153,1.0
3,1,0,1,0,0.2727272727272727,1.0
3,2,1,1,0,0.9090909090909091,1.0
3,3,0,0,0,0.0,0.0
3,4,1,2,0,2.0,1.0
4,0,1,1,0,1.0,1.0
4,1,1,1,0,0.8242424242424243,1.0
4,2,1,2,0,2.0,1.0
4,3,1,1,0,1.0969696969696972,1.0
4,4,1,2,0,1.8181818181818183,1.0
5,0,1,2,0,2.0303030303030303,1.0
5,1,1,2,0,1.2,1.0
5,2,1,1,0,0.9818181818181818,1.0
5,3,1,1,0,1.0303030303030303,1.0
5,4,1,2,0,1.5454545454545454,1.0
6,0,1,2,0,1.4303030303030304,1.0
6,1,0,1,0,1.0,1.0
6,2,0,1,0,0.32727272727272716,1.0
6,3,1,2,0,1.4,1.0
6,4,1,2,0,1.406060606060606,1.0
7,0,1,1,0,1.0,1.0
7,1,1,1,0,0.4,1.0
7,2,0,1,0,1.0,1.0
7,3,1,1,0,1.0,1.0
7,4,1,2,0,1.7636363636363637,1.0
8,0,1,1,0,0.7696969696969697,1.0
8,1,1,2,0,1.9454545454545455,1.0
8,2,1,2,0,1.7515151515151515,1.0
8,3,1,1,0,0.5575757575757575,1.0
8,4,1,2,0,1.9515151515151514,1.0
9,0,1,1,0,1.1393939393939394,1.0
9,1,1,2,0,1.5181818181818183,1.0
9,2,1,1,0,0.8484848484848485,1.0
9,3,1,2,0,2.418181818181818,1.0
9,4,1,2,0,1.7757575757575759,1.0
10,0,0,0,0,0.0,0.0
10,1,1,2,0,1.727272727272727,1.0
10,2,1,2,0,2.6545454545454543,1.0
10,3,0,1,0,1.4303030303030304,1.0
10,4,1,2,0,1.1,1.0
11,0,1,1,0,0.7939393939393941,1.0
11,1,1,1,0,0.9333333333333332,1.0
11,2,1,1,0,0.7333333333333334,1.0
11,3,1,1,0,0.7757575757575758,1.0
11,4,1,1,0,0.6727272727272728,1.0
12,0,1,1,0,0.7030303030303031,1.0
12,1,1,1,0,0.490909090909091,1.0
12,2,1,1,0,0.9757575757575758,1.0
12,3,1,2,0,1.9696969696969697,1.0
12,4,1,1,0,1.206060606060606,1.0
13,0,1,2,0,1.2,1.0
13,1,1,2,0,1.1666666666666665,1.0
13,2,1,2,0,1.8,1.0
13,3,1,2,0,1.5,1.0
13,4,0,1,0,0.1,1.0
14,0,0,1,0,0.3,1.0
14,1,1,1,0,0.8787878787878788,1.0
14,2,1,1,0,0.9272727272727274,1.0
14,3,1,2,0,1.3,1.0
14,4,1,2,0,2.0,1.0
15,0,1,2,0,1.393939393939394,1.0
15,1,1,2,0,1.7575757575757576,1.0
15,2,1,2,0,2.121212121212121,1.0
15,3,1,1,0,1.0606060606060606,1.0
15,4,1,1,0,1.1939393939393939,1.0
16,0,0,1,0,0.812121212121212,1.0
16,1,1,2,0,1.6484848484848484,1.0
16,2,1,1,0,1.0787878787878789,1.0
16,3,0,1,0,0.4,1.0
16,4,0,1,0,0.8424242424242423,1.0
17,0,0,1,0,1.0,1.0
17,1,1,1,0,0.9454545454545455,1.0
17,2,1,1,0,0.8666666666666667,1.0
17,3,1,2,0,1.203030303030303,1.0
17,4,0,2,0,0.896969696969697,1.0
18,0,1,2,0,1.893939393939394,1.0
18,1,1,1,0,1.4424242424242424,1.0
18,2,1,2,0,2.3454545454545457,1.0
18,3,1,1,0,1.7696969696969695,1.0
18,4,1,1,0,1.5515151515151515,1.0
19,0,1,2,0,1.6,1.0
19,1,1,2,0,1.581818181818182,1.0
19,2,1,2,0,1.896969696969697,1.0
19,3,1,1,0,1.0848484848484847,1.0
19,4,0,1,0,0.6,1.0
20,0,1,2,0,1.606060606060606,1.0
20,1,1,2,0,1.193939393939394,1.0
20,2,1,2,0,1.4484848484848483,1.0
20,3,1,1,0,1.0848484848484847,1.0
20,4,0,2,0,1.2,1.0
21,0,1,1,0,1.0424242424242425,1.0
21,1,1,1,0,1.1454545454545453,1.0
21,2,1,1,0,0.9636363636363635,1.0
21,3,1,2,0,1.315151515151515,1.0
21,4,1,1,0,1.2787878787878788,1.0
22,0,1,2,0,1.8484848484848486,1.0
22,1,1,1,0,0.8606060606060606,1.0
22,2,1,1,0,0.7272727272727273,1.0
22,3,1,1,0,0.6181818181818182,1.0
22,4,1,1,0,0.6666666666666666,1.0
23,0,1,2,0,1.8606060606060606,1.0
23,1,0,1,0,0.6363636363636364,1.0
23,2,1,2,0,2.0,1.0
23,3,1,2,0,2.0,1.0
23,4,1,2,0,2.0545454545454547,1.0
24,0,1,2,0,1.9030303030303028,1.0
24,1,1,2,0,2.0,1.0
24,2,1,2,0,1.9151515151515153,1.0
24,3,1,2,0,1.9,1.0
24,4,1,2,0,1.1303030303030304,1.0
25,0,1,2,0,1.2,1.0
25,1,0,1,0,0.4,1.0
25,2,1,2,0,1.2,1.0
25,3,1,2,0,2.2484848484848485,1.0
25,4,1,2,0,1.2,1.0
26,0,0,1,0,0.1,1.0
26,1,1,2,0,1.1818181818181819,1.0
26,2,0,0,0,0.0,0.0
26,3,1,2,0,0.9878787878787878,1.0
26,4,1,1,0,0.896969696969697,1.0
27,0,1,1,0,0.8060606060606061,1.0
27,1,1,1,0,0.8666666666666667,1.0
27,2,1,2,0,1.0424242424242423,1.0
27,3,1,2,0,2.1272727272727274,1.0
27,4,1,1,0,0.8181818181818182,1.0
28,0,1,1,0,1.2,1.0
28,1,1,1,0,0.9939393939393939,1.0
28,2,0,1,0,0.3,1.0
28,3,1,2,0,2.0,1.0
28,4,1,1,0,1.0,1.0
29,0,1,2,0,1.7,1.0
29,1,1,1,0,1.2424242424242424,1.0
29,2,1,1,0,1.0181818181818183,1.0
29,3,1,2,0,1.7,1.0
29,4,1,2,0,1.7878787878787878,1.0
30,0,1,1,0,0.8181818181818182,1.0
30,1,0,0,0,0.0,0.0
30,2,0,1,0,1.0,1.0
30,3,1,2,0,2.084848484848485,1.0
30,4,1,1,0,0.9272727272727274,1.0
31,0,1,2,0,2.824242424242424,1.0
31,1,1,1,0,1.6363636363636365,1.0
31,2,0,1,0,1.0787878787878786,1.0
31,3,1,1,0,1.3878787878787877,1.0
31,4,1,2,0,2.1151515151515152,1.0
32,0,0,0,0,0.0,0.0
32,1,1,1,0,0.4,1.0
32,2,1,2,0,1.5,1.0
32,3,0,1,0,0.7878787878787878,1.0
32,4,1,1,0,0.8303030303030302,1.0
33,0,0,1,0,0.6,1.0
33,1,0,0,0,0.0,0.0
33,2,1,2,0,0.909090909090909,1.0
33,3,0,1,0,0.4727272727272728,1.0
33,4,0,0,0,0.0,0.0
34,0,1,2,0,1.3606060606060608,1.0
34,1,1,2,0,2.775757575757576,1.0
34,2,1,1,0,1.393939393939394,1.0
34,3,1,2,0,2.515151515151515,1.0
34,4,1,2,0,2.496969696969697,1.0
35,0,1,1,0,0.6848484848484849,1.0
35,1,1,2,0,1.8545454545454545,1.0
35,2,1,1,0,0.8606060606060606,1.0
35,3,0,1,0,0.5,1.0
35,4,1,2,0,1.112121212121212,1.0
36,0,1,2,0,1.4181818181818184,1.0
36,1,1,1,0,1.1636363636363636,1.0
36,2,1,1,0,1.2,1.0
36,3,1,1,0,1.0545454545454545,1.0
36,4,1,2,0,2.1393939393939396,1.0
37,0,1,1,0,0.3696969696969698,1.0
37,1,1,2,0,1.812121212121212,1.0
37,2,1,2,0,1.6121212121212123,1.0
37,3,1,1,0,0.5333333333333333,1.0
37,4,1,2,0,1.1606060606060606,1.0
38,0,1,2,0,2.0,1.0
38,1,1,2,0,2.06969696969697,1.0
38,2,1,2,0,2.4000000000000004,1.0
38,3,1,2,0,2.909090909090909,1.0
38,4,1,2,0,2.5939393939393938,1.0
39,0,1,1,0,1.393939393939394,1.0
39,1,1,1,0,1.2181818181818183,1.0
39,2,1,1,0,1.284848484848485,1.0
39,3,1,2,0,1.8454545454545455,1.0
39,4,1,1,0,1.5272727272727273,1.0
40,0,1,1,0,1.9030303030303028,1.0
40,1,1,1,0,1.6606060606060604,1.0
40,2,0,1,0,1.3515151515151516,1.0
40,3,1,2,0,2.5696969696969694,1.0
40,4,1,2,0,2.8363636363636364,1.0
41,0,1,1,0,0.6484848484848484,1.0
41,1,1,2,0,0.9696969696969697,1.0
41,2,1,1,0,0.5575757575757575,1.0
41,3,1,1,0,0.5818181818181819,1.0
41,4,1,1,0,0.5636363636363637,1.0
42,0,1,2,0,2.0,1.0
42,1,1,2,0,1.7818181818181817,1.0
42,2,1,1,0,0.5272727272727272,1.0
42,3,1,2,0,2.0,1.0
42,4,1,2,0,1.6303030303030304,1.0
43,0,1,1,0,1.9272727272727272,1.0
43,1,1,1,0,1.7515151515151515,1.0
43,2,1,2,0,2.0,1.0
43,3,1,1,0,1.5636363636363637,1.0
43,4,1,2,0,2.3363636363636364,1.0
44,0,0,1,0,1.0,1.0
44,1,1,2,0,1.8363636363636364,1.0
44,2,1,2,0,0.8757575757575757,1.0
44,3,1,1,0,0.8666666666666667,1.0
44,4,0,1,0,0.3,1.0
45,0,0,1,0,1.0,1.0
45,1,1,2,0,1.4,1.0
45,2,0,2,0,2.1090909090909093,1.0
45,3,1,1,0,0.8,1.0
45,4,1,1,0,1.2787878787878788,1.0
46,0,1,1,0,0.9212121212121211,1.0
46,1,1,1,0,1.3636363636363635,1.0
46,2,1,2,0,1.506060606060606,1.0
46,3,1,2,0,1.2303030303030302,1.0
46,4,1,2,0,1.8606060606060608,1.0
47,0,1,1,0,1.393939393939394,1.0
47,1,1,1,0,1.3151515151515154,1.0
47,2,1,1,0,0.8,1.0
47,3,1,2,0,1.2,1.0
47,4,1,1,0,0.8,1.0
48,0,1,2,0,2.2484848484848485,1.0
48,1,1,1,0,1.2545454545454544,1.0
48,2,1,2,0,1.6,1.0
48,3,1,2,0,2.393939393939394,1.0
48,4,0,1,0,1.0,1.0
49,0,1,1,0,1.6545454545454545,1.0
49,1,1,1,0,1.4545454545454546,1.0
49,2,1,1,0,1.6242424242424243,1.0
49,3,1,1,0,2.0606060606060606,1.0
49,4,0,0,0,0.0,0.0
50,0,1,1,0,1.1090909090909091,1.0
50,1,1,2,0,1.9333333333333331,1.0
50,2,1,2,0,1.6303030303030304,1.0
50,3,0,1,0,1.0,1.0
50,4,1,2,0,1.3878787878787877,1.0
51,0,1,2,0,1.709090909090909,1.0
51,1,1,1,0,0.9090909090909091,1.0
51,2,1,1,0,0.9515151515151514,1.0
51,3,1,2,0,1.8484848484848486,1.0
51,4,1,1,0,0.7515151515151515,1.0
52,0,1,1,0,1.6606060606060604,1.0
52,1,1,2,0,1.3363636363636364,1.0
52,2,1,1,0,1.6666666666666667,1.0
52,3,1,1,0,1.6545454545454545,1.0
52,4,1,1,0,1.6181818181818182,1.0
53,0,1,2,0,0.9787878787878788,1.0
53,1,1,1,0,0.8848484848484849,1.0
53,2,1,1,0,0.6787878787878787,1.0
53,3,1,2,0,1.2363636363636363,1.0
53,4,1,2,0,2.0606060606060606,1.0
54,0,1,1,0,0.7333333333333334,1.0
54,1,1,1,0,0.9272727272727274,1.0
54,2,1,2,0,1.0606060606060606,1.0
54,3,1,1,0,1.2484848484848485,1.0
54,4,1,1,0,1.0363636363636364,1.0
55,0,1,2,0,1.2787878787878788,1.0
55,1,0,1,0,1.0,1.0
55,2,1,1,0,0.8848484848484849,1.0
55,3,1,1,0,0.3,1.0
55,4,1,2,0,1.3,1.0
56,0,1,2,0,2.909090909090909,1.0
56,1,1,1,0,1.3393939393939396,1.0
56,2,1,1,0,1.8424242424242423,1.0
56,3,1,1,0,1.9575757575757573,1.0
56,4,1,2,0,2.293939393939394,1.0
57,0,1,2,0,2.006060606060606,1.0
57,1,1,2,0,2.0181818181818185,1.0
57,2,1,1,0,1.0,1.0
57,3,1,2,0,1.993939393939394,1.0
57,4,1,1,0,1.1454545454545453,1.0
58,0,1,1,0,1.0424242424242425,1.0
58,1,1,2,0,1.7515151515151515,1.0
58,2,1,1,0,0.9636363636363635,1.0
58,3,1,2,0,1.83030303030303,1.0
58,4,1,2,0,1.793939393939394,1.0
59,0,0,1,0,0.24242424242424243,1.0
59,1,1,2,0,2.0,1.0
59,2,1,1,0,0.696969696969697,1.0
59,3,1,2,0,1.4787878787878788,1.0
59,4,1,1,0,0.6909090909090908,1.0
60,0,1,2,0,0.9515151515151514,1.0
60,1,1,1,0,0.7999999999999999,1.0
60,2,1,1,0,0.8666666666666667,1.0
60,3,1,2,0,1.878787878787879,1.0
60,4,1,1,0,0.7757575757575758,1.0
61,0,1,2,0,1.6424242424242426,1.0
61,1,1,2,0,1.696969696969697,1.0
61,2,1,2,0,1.5212121212121215,1.0
61,3,1,2,0,1.3060606060606061,1.0
61,4,1,2,0,1.187878787878788,1.0
62,0,1,1,0,1.6424242424242426,1.0
62,1,1,1,0,1.490909090909091,1.0
62,2,1,1,0,1.587878787878788,1.0
62,3,1,1,0,1.4727272727272727,1.0
62,4,0,1,0,1.2121212121212122,1.0
63,0,1,2,0,2.121212121212121,1.0
63,1,0,1,0,0.3575757575757575,1.0
63,2,0,1,0,0.5454545454545454,1.0
63,3,1,2,0,1.121212121212121,1.0
63,4,0,1,0,1.0,1.0
64,0,1,2,0,1.9575757575757575,1.0
64,1,1,1,0,0.7696969696969697,1.0
64,2,1,2,0,1.7515151515151515,1.0
64,3,1,1,0,0.7818181818181817,1.0
64,4,1,1,0,0.696969696969697,1.0
65,0,1,2,0,1.709090909090909,1.0
65,1,1,2,0,2.381818181818182,1.0
65,2,1,2,0,1.8,1.0
65,3,1,1,0,1.1636363636363636,1.0
65,4,1,2,0,1.2,1.0
66,0,0,1,0,0.9878787878787879,1.0
66,1,0,1,0,0.490909090909091,1.0
66,2,0,0,0,0.0,0.0
66,3,1,2,0,2.0,1.0
66,4,1,2,0,1.7575757575757576,1.0
67,0,1,2,0,1.303030303030303,1.0
67,1,1,1,0,0.5575757575757575,1.0
67,2,1,2,0,1.2333333333333334,1.0
67,3,1,2,0,1.8545454545454545,1.0
67,4,0,1,0,1.0,1.0
68,0,1,1,0,1.7575757575757576,1.0
68,1,1,2,0,2.333333333333333,1.0
68,2,1,1,0,1.4303030303030304,1.0
68,3,1,2,0,2.4545454545454546,1.0
68,4,1,2,0,2.4060606060606062,1.0
69,0,1,2,0,1.2,1.0
69,1,1,2,0,1.2,1.0
69,2,1,2,0,3.2909090909090906,1.0
69,3,1,2,0,2.596969696969697,1.0
69,4,1,1,0,2.3696969696969696,1.0
70,0,1,1,0,0.9757575757575758,1.0
70,1,1,1,0,1.2969696969696969,1.0
70,2,1,2,0,1.5181818181818183,1.0
70,3,1,2,0,1.4969696969696968,1.0
70,4,1,2,0,2.1090909090909093,1.0
71,0,1,2,0,2.36969696969697,1.0
71,1,1,2,0,2.0,1.0
71,2,1,2,0,2.539393939393939,1.0
71,3,1,2,0,2.1272727272727274,1.0
71,4,1,2,0,1.5545454545454547,1.0
72,0,1,2,0,2.1818181818181817,1.0
72,1,1,2,0,1.5515151515151517,1.0
72,2,1,1,0,1.2969696969696969,1.0
72,3,1,1,0,1.1818181818181819,1.0
72,4,0,1,0,1.0,1.0
73,0,1,1,0,0.6545454545454545,1.0
73,1,1,2,0,1.3696969696969699,1.0
73,2,1,2,0,1.709090909090909,1.0
73,3,1,1,0,0.6787878787878787,1.0
73,4,1,2,0,1.9212121212121211,1.0
74,0,1,1,0,0.8242424242424243,1.0
74,1,0,1,0,0.406060606060606,1.0
74,2,1,2,0,1.0545454545454547,1.0
74,3,1,1,0,0.903030303030303,1.0
74,4,1,1,0,1.115151515151515,1.0
75,0,1,2,0,1.4,1.0
75,1,1,2,0,1.3272727272727274,1.0
75,2,1,2,0,1.2,1.0
75,3,1,1,0,1.5212121212121212,1.0
75,4,1,1,0,1.0,1.0
76,0,1,1,0,0.7636363636363637,1.0
76,1,1,2,0,1.696969696969697,1.0
76,2,1,2,0,2.0,1.0
76,3,1,2,0,1.2363636363636363,1.0
76,4,1,1,0,1.012121212121212,1.0
77,0,1,2,0,1.2,1.0
77,1,1,2,0,3.0363636363636366,1.0
77,2,1,1,0,1.0,1.0
77,3,1,2,0,3.5454545454545454,1.0
77,4,0,0,0,0.0,0.0
78,0,1,2,0,1.9090909090909092,1.0
78,1,1,1,0,0.9333333333333332,1.0
78,2,1,2,0,1.4272727272727272,1.0
78,3,0,1,0,0.5818181818181819,1.0
78,4,1,2,0,1.5,1.0
79,0,0,1,0,1.0,1.0
79,1,0,0,0,0.0,0.0
79,2,1,2,0,1.7242424242424241,1.0
79,3,0,1,0,1.0,1.0
79,4,1,2,0,1.793939393939394,1.0
80,0,1,2,0,2.0,1.0
80,1,1,1,0,1.0,1.0
80,2,1,2,0,1.6787878787878787,1.0
80,3,1,1,0,1.1696969696969697,1.0
80,4,1,1,0,0.509090909090909,1.0
81,0,1,1,0,1.9030303030303028,1.0
81,1,1,2,0,2.915151515151515,1.0
81,2,1,2,0,1.8181818181818181,1.0
81,3,1,1,0,1.509090909090909,1.0
81,4,1,2,0,2.503030303030303,1.0
82,0,1,2,0,2.0,1.0
82,1,0,1,0,0.3,1.0
82,2,1,2,0,1.4,1.0
82,3,1,2,0,2.0,1.0
82,4,1,2,0,2.0,1.0
83,0,1,1,0,1.7030303030303031,1.0
83,1,1,1,0,1.3636363636363635,1.0
83,2,1,2,0,2.460606060606061,1.0
83,3,1,2,0,2.3636363636363633,1.0
83,4,1,2,0,2.3151515151515154,1.0
84,0,1,1,0,1.2787878787878788,1.0
84,1,0,1,0,1.0,1.0
84,2,0,1,0,0.4,1.0
84,3,0,1,0,1.0,1.0
84,4,1,1,0,1.115151515151515,1.0
85,0,1,1,0,0.9575757575757576,1.0
85,1,1,1,0,1.0606060606060606,1.0
85,2,1,1,0,0.7757575757575755,1.0
85,3,1,2,0,1.0333333333333334,1.0
85,4,1,2,0,1.3393939393939396,1.0
86,0,1,1,0,1.1575757575757577,1.0
86,1,1,2,0,2.309090909090909,1.0
86,2,1,1,0,1.5333333333333334,1.0
86,3,1,2,0,2.103030303030303,1.0
86,4,1,2,0,2.515151515151515,1.0
87,0,1,1,0,1.1757575757575758,1.0
87,1,1,2,0,2.333333333333333,1.0
87,2,1,1,0,1.2363636363636363,1.0
87,3,1,2,0,1.9424242424242424,1.0
87,4,1,2,0,2.1121212121212123,1.0
88,0,1,1,0,0.5,1.0
88,1,0,1,0,0.29090909090909073,1.0
88,2,1,1,0,1.0,1.0
88,3,1,2,0,1.7393939393939393,1.0
88,4,1,1,0,1.0,1.0
89,0,1,2,0,1.5393939393939395,1.0
89,1,1,2,0,2.2666666666666666,1.0
89,2,1,2,0,1.0666666666666667,1.0
89,3,1,2,0,1.587878787878788,1.0
89,4,1,2,0,0.9212121212121211,1.0
90,0,1,2,0,1.3636363636363635,1.0
90,1,1,1,0,1.1939393939393939,1.0
90,2,1,2,0,1.0303030303030303,1.0
90,3,1,2,0,2.3030303030303028,1.0
90,4,1,2,0,2.0666666666666664,1.0
91,0,1,2,0,1.112121212121212,1.0
91,1,1,2,0,1.6,1.0
91,2,0,1,0,1.0,1.0
91,3,0,1,0,0.509090909090909,1.0
91,4,1,1,0,1.1696969696969697,1.0
92,0,1,2,0,1.812121212121212,1.0
92,1,1,1,0,1.4848484848484849,1.0
92,2,1,2,0,2.484848484848485,1.0
92,3,1,1,0,1.1575757575757577,1.0
92,4,1,1,0,1.418181818181818,1.0
93,0,1,2,0,1.7333333333333334,1.0
93,1,1,2,0,1.0212121212121212,1.0
93,2,0,1,0,0.5,1.0
93,3,1,1,0,0.6242424242424243,1.0
93,4,1,1,0,0.5212121212121213,1.0
94,0,1,2,0,1.9393939393939394,1.0
94,1,1,1,0,1.0,1.0
94,2,1,2,0,2.0575757575757576,1.0
94,3,1,1,0,1.5030303030303032,1.0
94,4,1,1,0,1.187878787878788,1.0
95,0,1,2,0,1.6848484848484848,1.0
95,1,0,1,0,1.418181818181818,1.0
95,2,1,2,0,2.533333333333333,1.0
95,3,0,1,0,1.4484848484848485,1.0
95,4,1,2,0,2.2606060606060607,1.0
96,0,0,1,0,0.587878787878788,1.0
96,1,1,1,0,0.8909090909090909,1.0
96,2,1,1,0,1.187878787878788,1.0
96,3,1,2,0,1.812121212121212,1.0
96,4,1,1,0,1.1454545454545453,1.0
97,0,1,2,0,1.7212121212121212,1.0
97,1,1,2,0,2.0424242424242425,1.0
97,2,1,1,0,1.1515151515151516,1.0
97,3,1,2,0,1.2757575757575759,1.0
97,4,1,1,0,1.3151515151515152,1.0
98,0,1,2,0,1.196969696969697,1.0
98,1,1,1,0,0.8606060606060606,1.0
98,2,0,1,0,0.7939393939393941,1.0
98,3,1,2,0,1.4484848484848483,1.0
98,4,1,2,0,1.3515151515151516,1.0
99,0,1,2,0,2.4484848484848483,1.0
99,1,1,1,0,1.3454545454545455,1.0
99,2,1,1,0,1.7757575757575759,1.0
99,3,1,1,0,1.4303030303030304,1.0
99,4,1,2,0,1.903030303030303,1.0
100,0,1,2,0,1.509090909090909,1.0
100,1,1,1,0,1.2242424242424241,1.0
100,2,1,2,0,2.0,1.0
100,3,1,2,0,1.3575757575757574,1.0
100,4,1,1,0,0.8606060606060606,1.0
101,0,0,1,0,0.9575757575757576,1.0
101,1,1,1,0,1.393939393939394,1.0
101,2,1,1,0,1.3212121212121213,1.0
101,3,1,1,0,1.4787878787878788,1.0
101,4,1,1,0,1.5272727272727273,1.0
102,0,1,2,0,2.036363636363636,1.0
102,1,1,2,0,1.8,1.0
102,2,1,2,0,1.9575757575757575,1.0
102,3,1,2,0,1.8848484848484848,1.0
102,4,1,1,0,0.8727272727272727,1.0
103,0,1,1,0,0.5151515151515151,1.0
103,1,1,1,0,0.490909090909091,1.0
103,2,0,1,0,0.7999999999999999,1.0
103,3,1,2,0,1.5393939393939393,1.0
103,4,1,1,0,0.4484848484848484,1.0
104,0,0,1,0,0.9636363636363635,1.0
104,1,0,1,0,1.2727272727272727,1.0
104,2,1,2,0,2.3454545454545457,1.0
104,3,1,2,0,1.8363636363636364,1.0
104,4,0,1,0,0.903030303030303,1.0
105,0,1,1,0,1.7575757575757576,1.0
105,1,1,1,0,1.5212121212121212,1.0
105,2,1,1,0,1.993939393939394,1.0
105,3,1,2,0,2.993939393939394,1.0
105,4,1,1,0,1.3636363636363635,1.0
106,0,1,1,0,0.8303030303030302,1.0
106,1,0,1,0,0.5939393939393938,1.0
106,2,1,1,0,1.418181818181818,1.0
106,3,1,1,0,0.8242424242424243,1.0
106,4,1,1,0,1.2787878787878788,1.0
107,0,1,2,0,1.296969696969697,1.0
107,1,1,2,0,1.7151515151515153,1.0
107,2,1,1,0,0.9757575757575758,1.0
107,3,1,2,0,2.0606060606060606,1.0
107,4,1,1,0,0.8242424242424243,1.0
108,0,1,1,0,1.4424242424242424,1.0
108,1,1,2,0,2.7333333333333334,1.0
108,2,1,1,0,1.6666666666666667,1.0
108,3,1,2,0,2.4727272727272727,1.0
108,4,1,2,0,2.2,1.0
109,0,0,1,0,0.8303030303030302,1.0
109,1,0,1,0,0.5878787878787879,1.0
109,2,1,1,0,1.2484848484848485,1.0
109,3,1,2,0,2.1090909090909093,1.0
109,4,1,1,0,1.2,1.0
110,0,1,1,0,2.012121212121212,1.0
110,1,1,2,0,1.8,1.0
110,2,1,2,0,2.709090909090909,1.0
110,3,1,2,0,3.163636363636364,1.0
110,4,1,1,0,2.3878787878787877,1.0
111,0,0,1,0,0.2,1.0
111,1,0,1,0,1.0,1.0
111,2,1,2,0,2.278787878787879,1.0
111,3,1,2,0,2.0,1.0
111,4,1,2,0,1.618181818181818,1.0
112,0,1,2,0,2.0606060606060606,1.0
112,1,1,2,0,2.121212121212121,1.0
112,2,0,1,0,1.290909090909091,1.0
112,3,0,1,0,0.9757575757575758,1.0
112,4,1,2,0,1.9,1.0
113,0,1,1,0,1.6363636363636365,1.0
113,1,1,2,0,1.7,1.0
113,2,1,2,0,1.409090909090909,1.0
113,3,1,2,0,2.0,1.0
113,4,1,1,0,2.0545454545454547,1.0
114,0,1,1,0,1.7333333333333334,1.0
114,1,1,1,0,1.4606060606060607,1.0
114,2,1,1,0,1.6606060606060604,1.0
114,3,1,2,0,2.6545454545454543,1.0
114,4,1,2,0,2.4545454545454546,1.0
115,0,1,1,0,1.2242424242424241,1.0
115,1,1,1,0,1.0727272727272728,1.0
115,2,1,2,0,2.0181818181818185,1.0
115,3,1,1,0,1.4363636363636363,1.0
115,4,1,1,0,1.509090909090909,1.0
116,0,1,1,0,0.5333333333333333,1.0
116,1,1,1,0,0.7696969696969697,1.0
116,2,1,1,0,0.4666666666666666,1.0
116,3,1,2,0,1.3575757575757577,1.0
116,4,1,1,0,0.7575757575757576,1.0
117,0,1,2,0,1.2666666666666666,1.0
117,1,1,1,0,0.8909090909090909,1.0
117,2,1,1,0,0.9575757575757576,1.0
117,3,0,1,0,0.3939393939393939,1.0
117,4,1,1,0,0.8545454545454546,1.0
118,0,1,2,0,3.8484848484848486,1.0
118,1,1,1,0,3.6121212121212123,1.0
118,2,1,1,0,0.5,1.0
118,3,1,1,0,0.5,1.0
118,4,1,1,0,0.7,1.0
119,0,1,1,0,0.9575757575757576,1.0
119,1,1,1,0,0.9333333333333332,1.0
119,2,0,1,0,1.0909090909090908,1.0
119,3,1,2,0,1.018181818181818,1.0
119,4,1,2,0,1.5484848484848486,1.0
120,0,1,1,0,1.3575757575757574,1.0
120,1,1,2,0,2.2545454545454544,1.0
120,2,1,2,0,2.33939393939394,1.0
120,3,1,2,0,1.3606060606060608,1.0
120,4,1,1,0,0.6,1.0
121,0,1,1,0,1.6848484848484848,1.0
121,1,1,2,0,2.418181818181818,1.0
121,2,1,1,0,2.139393939393939,1.0
121,3,0,1,0,0.3,1.0
121,4,0,1,0,0.9,1.0
122,0,1,1,0,0.7878787878787878,1.0
122,1,1,2,0,1.5999999999999999,1.0
122,2,1,1,0,0.7999999999999999,1.0
122,3,1,1,0,0.8181818181818182,1.0
122,4,1,1,0,0.5212121212121213,1.0
123,0,1,1,0,1.587878787878788,1.0
123,1,0,1,0,0.9,1.0
123,2,1,1,0,1.6424242424242426,1.0
123,3,1,1,0,1.309090909090909,1.0
123,4,1,2,0,1.993939393939394,1.0
124,0,1,1,0,1.0666666666666667,1.0
124,1,1,2,0,1.9878787878787878,1.0
124,2,1,2,0,1.8606060606060606,1.0
124,3,1,1,0,0.8060606060606061,1.0
124,4,1,2,0,2.0181818181818185,1.0
125,0,1,1,0,1.8484848484848484,1.0
125,1,1,2,0,2.4060606060606062,1.0
125,2,1,1,0,1.8606060606060606,1.0
125,3,1,2,0,2.139393939393939,1.0
125,4,1,2,0,3.024242424242424,1.0
126,0,1,2,0,2.806060606060606,1.0
126,1,0,1,0,1.3272727272727272,1.0
126,2,1,1,0,1.3757575757575757,1.0
126,3,1,1,0,1.3454545454545455,1.0
126,4,1,1,0,1.8242424242424242,1.0
127,0,1,1,0,0.812121212121212,1.0
127,1,1,1,0,1.0787878787878789,1.0
127,2,1,1,0,1.4787878787878788,1.0
127,3,1,2,0,1.8545454545454545,1.0
127,4,1,1,0,0.8545454545454546,1.0
128,0,1,1,0,0.7333333333333334,1.0
128,1,1,2,0,1.7212121212121212,1.0
128,2,1,2,0,1.7151515151515153,1.0
128,3,0,1,0,0.4727272727272728,1.0
128,4,1,2,0,0.9878787878787878,1.0
129,0,1,2,0,2.3515151515151516,1.0
129,1,1,1,0,1.418181818181818,1.0
129,2,1,2,0,2.242424242424242,1.0
129,3,1,1,0,1.6424242424242426,1.0
129,4,1,1,0,1.4424242424242424,1.0
130,0,1,2,0,1.8242424242424242,1.0
130,1,1,2,0,1.7999999999999998,1.0
130,2,1,2,0,1.4242424242424243,1.0
130,3,1,1,0,0.8484848484848485,1.0
130,4,1,2,0,0.7696969696969695,1.0
131,0,1,2,0,2.0121212121212118,1.0
131,1,1,2,0,1.7878787878787878,1.0
131,2,1,2,0,1.3757575757575757,1.0
131,3,1,1,0,0.9090909090909091,1.0
131,4,1,2,0,1.3696969696969696,1.0
132,0,1,1,0,0.9393939393939394,1.0
132,1,1,1,0,0.6242424242424243,1.0
132,2,1,2,0,1.4666666666666668,1.0
132,3,1,2,0,1.7212121212121212,1.0
132,4,1,1,0,0.8424242424242423,1.0
133,0,1,2,0,2.187878787878788,1.0
133,1,1,1,0,1.2303030303030305,1.0
133,2,1,2,0,2.5454545454545454,1.0
133,3,1,1,0,1.3212121212121213,1.0
133,4,0,1,0,0.9090909090909091,1.0
134,0,1,1,0,1.309090909090909,1.0
134,1,1,2,0,2.915151515151515,1.0
134,2,1,2,0,2.515151515151515,1.0
134,3,1,2,0,2.0,1.0
134,4,1,1,0,1.5212121212121212,1.0
135,0,1,1,0,1.0,1.0
135,1,1,1,0,1.0,1.0
135,2,1,2,0,1.2666666666666666,1.0
135,3,1,2,0,2.0,1.0
135,4,1,2,0,1.2303030303030305,1.0
136,0,1,2,0,1.8727272727272726,1.0
136,1,1,1,0,1.0,1.0
136,2,1,1,0,1.0,1.0
136,3,1,2,0,1.4,1.0
136,4,1,2,0,1.4696969696969697,1.0
137,0,1,2,0,1.8060606060606061,1.0
137,1,0,1,0,0.5212121212121213,1.0
137,2,1,2,0,1.9030303030303028,1.0
137,3,1,2,0,1.581818181818182,1.0
137,4,0,1,0,0.9696969696969697,1.0
138,0,1,1,0,1.6787878787878787,1.0
138,1,1,2,0,1.915151515151515,1.0
138,2,1,1,0,1.4242424242424243,1.0
138,3,1,2,0,2.7818181818181817,1.0
138,4,1,2,0,1.6424242424242426,1.0
139,0,1,2,0,1.1303030303030304,1.0
139,1,1,2,0,2.7333333333333334,1.0
139,2,1,1,0,1.5575757575757576,1.0
139,3,1,2,0,1.6606060606060606,1.0
139,4,1,1,0,1.6303030303030301,1.0
140,0,1,2,0,1.593939393939394,1.0
140,1,1,2,0,1.1151515151515152,1.0
140,2,1,1,0,1.115151515151515,1.0
140,3,1,1,0,0.8909090909090909,1.0
140,4,1,1,0,0.9878787878787879,1.0
141,0,1,2,0,2.0,1.0
141,1,1,2,0,2.0,1.0
141,2,0,1,0,0.6303030303030303,1.0
141,3,0,1,0,0.6,1.0
141,4,0,1,0,1.0,1.0
142,0,1,2,0,2.0,1.0
142,1,1,2,0,1.8727272727272726,1.0
142,2,1,1,0,1.1939393939393939,1.0
142,3,1,1,0,1.0545454545454545,1.0
142,4,1,2,0,1.5454545454545454,1.0
143,0,1,2,0,1.4545454545454546,1.0
143,1,1,1,0,1.1515151515151516,1.0
143,2,1,1,0,1.1939393939393939,1.0
143,3,1,1,0,1.187878787878788,1.0
143,4,1,2,0,1.6121212121212123,1.0
144,0,1,2,0,2.0727272727272728,1.0
144,1,1,2,0,2.078787878787879,1.0
144,2,1,2,0,2.0545454545454547,1.0
144,3,1,2,0,2.0727272727272728,1.0
144,4,1,2,0,2.048484848484849,1.0
145,0,1,2,0,2.212121212121212,1.0
145,1,1,2,0,2.0,1.0
145,2,0,1,0,1.0,1.0
145,3,0,2,0,1.4,1.0
145,4,0,1,0,1.0,1.0
146,0,1,2,0,2.0545454545454547,1.0
146,1,1,2,0,2.0666666666666664,1.0
146,2,0,1,0,0.8242424242424243,1.0
146,3,1,1,0,1.1939393939393939,1.0
146,4,0,1,0,0.5333333333333333,1.0
147,0,1,2,0,3.296969696969697,1.0
147,1,1,2,0,2.003030303030303,1.0
147,2,1,2,0,1.4,1.0
147,3,1,1,0,2.3151515151515154,1.0
147,4,0,1,0,0.8,1.0
148,0,1,1,0,1.2787878787878788,1.0
148,1,1,2,0,1.83030303030303,1.0
148,2,1,2,0,1.5,1.0
148,3,1,1,0,1.5757575757575757,1.0
148,4,1,1,0,1.1636363636363636,1.0
149,0,1,2,0,2.981818181818182,1.0
149,1,1,1,0,2.0484848484848484,1.0
149,2,0,0,0,0.0,0.0
149,3,1,2,0,2.3151515151515154,1.0
149,4,1,2,0,3.1151515151515152,1.0
150,0,0,0,0,0.0,0.0
150,1,1,1,0,1.1939393939393939,1.0
150,2,0,1,0,0.7636363636363637,1.0
150,3,1,2,0,1.7878787878787878,1.0
150,4,1,2,0,1.5,1.0
151,0,1,2,0,2.7515151515151515,1.0
151,1,0,1,0,1.7454545454545456,1.0
151,2,1,1,0,1.6606060606060604,1.0
151,3,0,1,0,1.1090909090909091,1.0
151,4,1,2,0,2.806060606060606,1.0
152,0,1,1,0,2.0,1.0
152,1,1,1,0,1.9090909090909092,1.0
152,2,1,1,0,2.206060606060606,1.0
152,3,1,1,0,2.4484848484848483,1.0
152,4,1,2,0,2.106060606060606,1.0
153,0,0,1,0,1.0,1.0
153,1,1,2,0,2.4727272727272727,1.0
153,2,1,2,0,1.9,1.0
153,3,1,2,0,2.1545454545454543,1.0
153,4,0,0,0,0.0,0.0
154,0,1,1,0,1.5333333333333334,1.0
154,1,1,2,0,2.048484848484849,1.0
154,2,1,2,0,2.0575757575757576,1.0
154,3,1,2,0,2.0,1.0
154,4,1,1,0,0.9,1.0
155,0,1,1,0,1.812121212121212,1.0
155,1,1,1,0,1.7454545454545456,1.0
155,2,1,1,0,2.096969696969697,1.0
155,3,1,1,0,1.9212121212121211,1.0
155,4,1,1,0,2.103030303030303,1.0
156,0,1,2,0,1.7515151515151515,1.0
156,1,1,2,0,1.793939393939394,1.0
156,2,1,1,0,0.6484848484848484,1.0
156,3,1,2,0,1.006060606060606,1.0
156,4,1,1,0,0.6303030303030303,1.0
157,0,0,0,0,0.0,0.0
157,1,1,1,0,1.2121212121212122,1.0
157,2,1,2,0,1.7848484848484847,1.0
157,3,1,2,0,2.0,1.0
157,4,1,2,0,1.981818181818182,1.0
158,0,1,1,0,2.3333333333333335,1.0
158,1,1,1,0,1.8181818181818181,1.0
158,2,1,1,0,1.6545454545454545,1.0
158,3,1,1,0,2.2666666666666666,1.0
158,4,1,2,0,1.7454545454545454,1.0
159,0,1,1,0,1.006060606060606,1.0
159,1,1,2,0,1.690909090909091,1.0
159,2,0,1,0,0.42424242424242425,1.0
159,3,1,2,0,1.9030303030303028,1.0
159,4,1,1,0,1.1272727272727274,1.0
160,0,0,2,0,1.4212121212121211,1.0
160,1,0,1,0,0.6303030303030303,1.0
160,2,1,2,0,1.684848484848485,1.0
160,3,0,1,0,0.43636363636363634,1.0
160,4,1,2,0,1.3333333333333333,1.0
161,0,1,1,0,1.6363636363636365,1.0
161,1,1,2,0,2.5424242424242425,1.0
161,2,1,2,0,2.0393939393939395,1.0
161,3,1,2,0,1.8666666666666667,1.0
161,4,1,2,0,1.4939393939393941,1.0
162,0,1,2,0,1.6454545454545455,1.0
162,1,1,1,0,1.0,1.0
162,2,1,2,0,1.4,1.0
162,3,1,2,0,1.2424242424242427,1.0
162,4,0,1,0,0.4,1.0
163,0,1,2,0,2.4545454545454546,1.0
163,1,1,2,0,2.0181818181818185,1.0
163,2,1,1,0,1.0242424242424242,1.0
163,3,1,2,0,1.9030303030303028,1.0
163,4,1,2,0,1.7454545454545456,1.0
164,0,1,1,0,1.5333333333333334,1.0
164,1,0,1,0,1.0363636363636364,1.0
164,2,1,1,0,1.4363636363636363,1.0
164,3,0,1,0,1.115151515151515,1.0
164,4,1,1,0,1.3575757575757574,1.0
165,0,1,2,0,2.7333333333333334,1.0
165,1,1,1,0,2.5454545454545454,1.0
165,2,1,1,0,2.3454545454545457,1.0
165,3,0,1,0,1.8545454545454547,1.0
165,4,1,1,0,2.539393939393939,1.0
166,0,1,2,0,1.1151515151515152,1.0
166,1,1,2,0,1.4787878787878788,1.0
166,2,1,2,0,1.4,1.0
166,3,1,2,0,1.490909090909091,1.0
166,4,1,2,0,1.3878787878787877,1.0
167,0,1,2,0,1.687878787878788,1.0
167,1,1,2,0,1.6,1.0
167,2,1,2,0,2.1090909090909093,1.0
167,3,0,1,0,1.2181818181818183,1.0
167,4,0,1,0,1.2363636363636363,1.0
168,0,0,1,0,1.0363636363636364,1.0
168,1,1,2,0,1.878787878787879,1.0
168,2,0,1,0,1.1575757575757577,1.0
168,3,1,2,0,1.9636363636363634,1.0
168,4,0,1,0,0.5878787878787879,1.0
169,0,1,2,0,2.0303030303030303,1.0
169,1,1,2,0,2.4000000000000004,1.0
169,2,1,1,0,0.9757575757575758,1.0
169,3,1,1,0,1.206060606060606,1.0
169,4,0,1,0,0.9151515151515153,1.0
170,0,1,1,0,1.9515151515151516,1.0
170,1,1,2,0,2.375757575757576,1.0
170,2,1,2,0,2.4575757575757575,1.0
170,3,1,2,0,2.2424242424242427,1.0
170,4,1,1,0,1.884848484848485,1.0
171,0,1,2,0,2.496969696969697,1.0
171,1,1,2,0,2.3030303030303028,1.0
171,2,1,2,0,2.3030303030303028,1.0
171,3,1,1,0,1.2242424242424241,1.0
171,4,1,2,0,2.4545454545454546,1.0
172,0,1,2,0,3.890909090909091,1.0
172,1,1,2,0,2.8424242424242427,1.0
172,2,1,1,0,2.539393939393939,1.0
172,3,0,1,0,0.6,1.0
172,4,1,2,0,2.8666666666666667,1.0
173,0,0,1,0,1.593939393939394,1.0
173,1,1,1,0,2.1151515151515152,1.0
173,2,1,1,0,2.0363636363636366,1.0
173,3,0,2,0,3.1999999999999997,1.0
173,4,1,2,0,3.0727272727272728,1.0
174,0,1,2,0,2.1454545454545455,1.0
174,1,1,2,0,3.0545454545454547,1.0
174,2,1,2,0,2.36969696969697,1.0
174,3,1,2,0,2.0424242424242425,1.0
174,4,1,1,0,2.0363636363636366,1.0
175,0,1,1,0,1.284848484848485,1.0
175,1,1,1,0,1.5636363636363637,1.0
175,2,1,1,0,1.5333333333333334,1.0
175,3,1,1,0,1.6242424242424243,1.0
175,4,1,2,0,2.4484848484848483,1.0
176,0,1,2,0,2.7818181818181817,1.0
176,1,1,2,0,2.8909090909090907,1.0
176,2,1,2,0,2.709090909090909,1.0
176,3,1,2,0,3.012121212121212,1.0
176,4,1,2,0,3.139393939393939,1.0
177,0,0,1,0,0.8545454545454546,1.0
177,1,0,1,0,0.8242424242424243,1.0
177,2,1,2,0,1.7999999999999998,1.0
177,3,1,2,0,2.036363636363636,1.0
177,4,1,2,0,1.7272727272727273,1.0
178,0,0,1,0,1.0363636363636364,1.0
178,1,0,1,0,0.8484848484848485,1.0
178,2,1,1,0,1.4666666666666666,1.0
178,3,1,2,0,1.9,1.0
178,4,1,1,0,1.4666666666666666,1.0
179,0,1,2,0,2.2727272727272725,1.0
179,1,1,1,0,1.9090909090909092,1.0
179,2,1,2,0,2.2333333333333334,1.0
179,3,1,1,0,1.7636363636363637,1.0
179,4,1,1,0,2.1333333333333333,1.0
180,0,1,2,0,2.4787878787878785,1.0
180,1,1,2,0,1.6878787878787878,1.0
180,2,1,2,0,2.5272727272727273,1.0
180,3,1,2,0,1.8696969696969696,1.0
180,4,0,1,0,1.9575757575757573,1.0
181,0,1,2,0,2.5939393939393938,1.0
181,1,1,1,0,1.8666666666666667,1.0
181,2,1,2,0,3.0,1.0
181,3,1,2,0,2.533333333333333,1.0
181,4,1,2,0,2.8484848484848486,1.0
182,0,1,2,0,2.296969696969697,1.0
182,1,1,2,0,1.4969696969696968,1.0
182,2,1,2,0,1.7999999999999998,1.0
182,3,1,2,0,1.4484848484848485,1.0
182,4,1,2,0,1.2181818181818183,1.0
183,0,1,2,0,5.260606060606061,1.0
183,1,1,2,0,5.006060606060606,1.0
183,2,1,2,0,4.369696969696969,1.0
183,3,1,2,0,4.642424242424243,1.0
183,4,1,1,0,4.078787878787878,1.0
184,0,1,2,0,3.878787878787879,1.0
184,1,1,1,0,3.490909090909091,1.0
184,2,1,2,0,3.703030303030303,1.0
184,3,1,2,0,3.5939393939393938,1.0
184,4,1,2,0,3.6212121212121207,1.0
185,0,1,2,0,1.7151515151515153,1.0
185,1,0,2,0,1.481818181818182,1.0
185,2,1,1,0,1.187878787878788,1.0
185,3,1,2,0,2.096969696969697,1.0
185,4,1,2,0,2.078787878787879,1.0
186,0,1,2,0,1.9333333333333336,1.0
186,1,1,2,0,2.0545454545454547,1.0
186,2,1,1,0,1.7818181818181817,1.0
186,3,1,2,0,2.466666666666667,1.0
186,4,1,1,0,1.5151515151515151,1.0
187,0,1,2,0,2.327272727272727,1.0
187,1,1,1,0,1.2484848484848485,1.0
187,2,1,1,0,1.393939393939394,1.0
187,3,1,1,0,1.418181818181818,1.0
187,4,1,2,0,2.16969696969697,1.0
188,0,1,1,0,1.8,1.0
188,1,1,2,0,2.793939393939394,1.0
188,2,1,1,0,1.6121212121212123,1.0
188,3,1,2,0,1.9393939393939394,1.0
188,4,1,2,0,2.9272727272727272,1.0
189,0,1,2,0,3.0727272727272728,1.0
189,1,1,1,0,2.284848484848485,1.0
189,2,1,2,0,2.712121212121212,1.0
189,3,1,2,0,2.503030303030303,1.0
189,4,1,2,0,2.715151515151515,1.0
190,0,1,2,0,3.4484848484848483,1.0
190,1,1,2,0,2.9696969696969697,1.0
190,2,0,1,0,1.7575757575757576,1.0
190,3,1,2,0,3.175757575757576,1.0
190,4,1,2,0,3.0363636363636366,1.0
191,0,1,2,0,1.7606060606060607,1.0
191,1,1,1,0,2.206060606060606,1.0
191,2,1,2,0,2.4363636363636365,1.0
191,3,1,1,0,2.3575757575757574,1.0
191,4,1,1,0,2.1151515151515152,1.0
192,0,0,1,0,0.8727272727272727,1.0
192,1,1,2,0,1.7212121212121212,1.0
192,2,0,1,0,0.7939393939393941,1.0
192,3,0,1,0,0.7757575757575758,1.0
192,4,1,2,0,1.993939393939394,1.0
193,0,1,1,0,1.884848484848485,1.0
193,1,1,1,0,1.8666666666666667,1.0
193,2,1,1,0,1.7696969696969695,1.0
193,3,1,1,0,2.2909090909090906,1.0
193,4,1,1,0,2.0545454545454547,1.0
194,0,1,2,0,3.4,1.0
194,1,1,2,0,2.987878787878788,1.0
194,2,1,2,0,3.024242424242424,1.0
194,3,1,2,0,2.7454545454545456,1.0
194,4,1,2,0,3.1999999999999997,1.0
195,0,1,2,0,2.6363636363636367,1.0
195,1,1,2,0,2.8848484848484848,1.0
195,2,1,1,0,1.7696969696969695,1.0
195,3,1,1,0,2.4242424242424243,1.0
195,4,1,2,0,3.1939393939393943,1.0
196,0,1,2,0,2.3666666666666667,1.0
196,1,1,1,0,1.7878787878787878,1.0
196,2,1,2,0,3.1333333333333333,1.0
196,3,1,2,0,2.266666666666667,1.0
196,4,1,1,0,1.9272727272727272,1.0
197,0,1,1,0,2.0484848484848484,1.0
197,1,1,1,0,2.187878787878788,1.0
197,2,1,2,0,2.987878787878788,1.0
197,3,1,2,0,2.563636363636364,1.0
197,4,1,1,0,2.084848484848485,1.0
198,0,1,2,0,3.0727272727272728,1.0
198,1,1,2,0,2.2424242424242427,1.0
198,2,1,2,0,1.9393939393939392,1.0
198,3,0,1,0,1.5030303030303032,1.0
198,4,1,2,0,2.36969696969697,1.0
199,0,1,2,0,3.4787878787878785,1.0
199,1,1,2,0,3.206060606060606,1.0
199,2,1,2,0,2.7151515151515153,1.0
199,3,1,1,0,2.381818181818182,1.0
199,4,1,2,0,2.9242424242424243,1.0
