query_i,cf_k,feature,delta
0,0,BMI,-20.8
0,0,Education,1.0
0,1,BMI,-21.3
0,2,BMI,-27.0
0,3,BMI,-22.9
0,4,BMI,-22.9
0,4,Fruits,1.0
1,0,HighChol,-1.0
1,1,BMI,-16.1
1,1,Income,1.0
1,2,HighChol,-1.0
1,2,BMI,-6.200000000000003
1,3,Education,2.0
1,3,Income,8.0
1,4,BMI,-18.3
2,0,HighBP,-1.0
2,0,BMI,-4.399999999999999
2,1,HighBP,-1.0
2,2,HighBP,-1.0
2,2,HighChol,-1.0
2,3,Income,6.0
2,4,HighBP,-1.0
3,0,BMI,-15.100000000000001
3,1,BMI,-4.5
3,2,BMI,-15.0
3,4,HighBP,-1.0
3,4,PhysActivity,1.0
4,0,HighBP,-1.0
4,1,BMI,-13.600000000000001
4,2,HighBP,-1.0
4,2,HighChol,-1.0
4,3,BMI,-18.1
4,4,HighChol,-1.0
4,4,BMI,-13.5
5,0,HighChol,-1.0
5,0,BMI,-17.0
5,1,HighBP,-1.0
5,1,Income,2.0
5,2,BMI,-16.2
5,3,BMI,-17.0
5,4,HighBP,-1.0
5,4,BMI,-9.0
6,0,HighBP,-1.0
6,0,BMI,-7.100000000000001
6,1,HighChol,-1.0
6,2,BMI,-5.399999999999999
6,3,HighChol,-1.0
6,3,Income,4.0
6,4,HighBP,-1.0
6,4,BMI,-6.699999999999999
7,0,HighChol,-1.0
7,1,Income,4.0
7,2,NoDocbcCost,-1.0
7,3,HighChol,-1.0
7,4,HighChol,-1.0
7,4,BMI,-12.600000000000001
8,0,BMI,-12.7
8,1,BMI,-15.600000000000001
8,1,Fruits,1.0
8,2,HighBP,-1.0
8,2,BMI,-12.399999999999999
8,3,BMI,-9.2
8,4,BMI,-15.7
8,4,Fruits,1.0
9,0,BMI,-18.8
9,1,BMI,-16.8
9,1,Income,5.0
9,2,BMI,-14.0
9,3,HighChol,-1.0
9,3,BMI,-23.4
9,4,HighBP,-1.0
9,4,BMI,-12.8
10,1,BMI,-21.9
10,1,Income,4.0
10,2,HighBP,-1.0
10,2,BMI,-27.3
10,3,BMI,-23.6
10,4,HighChol,-1.0
10,4,Income,1.0
11,0,BMI,-13.100000000000001
11,1,BMI,-15.399999999999999
11,2,BMI,-12.100000000000001
11,3,BMI,-12.8
11,4,BMI,-11.100000000000001
12,0,BMI,-11.600000000000001
12,1,BMI,-8.100000000000001
12,2,BMI,-16.1
12,3,BMI,-16.0
12,3,PhysActivity,1.0
12,4,BMI,-19.9
13,0,HighChol,-1.0
13,0,Income,2.0
13,1,BMI,-7.699999999999999
13,1,Income,7.0
13,2,HighBP,-1.0
13,2,Income,8.0
13,3,HighBP,-1.0
13,3,Income,5.0
13,4,Income,1.0
14,0,Income,3.0
14,1,BMI,-14.5
14,2,BMI,-15.3
14,3,HighBP,-1.0
14,3,Income,3.0
14,4,HighBP,-1.0
14,4,Fruits,1.0
15,0,BMI,-16.4
15,0,Income,4.0
15,1,HighChol,-1.0
15,1,BMI,-12.5
15,2,HighChol,-1.0
15,2,BMI,-18.5
15,3,BMI,-17.5
15,4,BMI,-19.7
16,0,BMI,-13.399999999999999
16,1,HighBP,-1.0
16,1,BMI,-10.7
16,2,BMI,-17.8
16,3,Income,4.0
16,4,BMI,-13.899999999999999
17,0,Fruits,1.0
17,1,BMI,-15.600000000000001
17,2,BMI,-14.3
17,3,BMI,-14.899999999999999
17,3,Income,3.0
17,4,BMI,-11.5
17,4,Income,2.0
18,0,BMI,-23.0
18,0,Income,5.0
18,1,BMI,-23.8
18,2,BMI,-32.1
18,2,Education,2.0
18,3,BMI,-29.2
18,4,BMI,-25.6
19,0,HighBP,-1.0
19,0,Income,6.0
19,1,HighBP,-1.0
19,1,BMI,-9.600000000000001
19,2,HighBP,-1.0
19,2,BMI,-14.8
19,3,BMI,-17.9
19,4,Income,6.0
20,0,HighBP,-1.0
20,0,BMI,-10.0
20,1,HighBP,-1.0
20,1,BMI,-3.200000000000003
20,2,HighBP,-1.0
20,2,BMI,-7.399999999999999
20,3,BMI,-17.9
20,4,HighBP,-1.0
20,4,Education,1.0
21,0,BMI,-17.2
21,1,BMI,-18.9
21,2,BMI,-15.899999999999999
21,3,BMI,-18.4
21,3,Education,1.0
21,4,BMI,-21.1
22,0,HighChol,-1.0
22,0,BMI,-14.0
22,1,BMI,-14.2
22,2,BMI,-12.0
22,3,BMI,-10.2
22,4,BMI,-11.0
23,0,HighBP,-1.0
23,0,BMI,-14.2
23,1,BMI,-10.5
23,2,HighBP,-1.0
23,2,Income,10.0
23,3,HighBP,-1.0
23,3,HighChol,-1.0
23,4,BMI,-17.4
23,4,PhysActivity,1.0
24,0,HighChol,-1.0
24,0,BMI,-14.899999999999999
24,1,HighBP,-1.0
24,1,HighChol,-1.0
24,2,HighChol,-1.0
24,2,BMI,-15.100000000000001
24,3,HighBP,-1.0
24,3,Income,9.0
24,4,BMI,-7.100000000000001
24,4,Income,7.0
25,0,HighChol,-1.0
25,0,Education,1.0
25,1,Education,2.0
25,2,HighChol,-1.0
25,2,Education,1.0
25,3,HighBP,-1.0
25,3,BMI,-20.6
25,4,HighBP,-1.0
25,4,Education,1.0
26,0,Income,1.0
26,1,HighBP,-1.0
26,1,BMI,-3.0
26,3,BMI,-13.0
26,3,Income,2.0
26,4,BMI,-14.8
27,0,BMI,-13.3
27,1,BMI,-14.3
27,2,BMI,-13.899999999999999
27,2,Income,2.0
27,3,BMI,-18.6
27,3,Fruits,1.0
27,4,BMI,-13.5
28,0,BMI,-19.8
28,1,BMI,-16.4
28,2,Income,3.0
28,3,HighBP,-1.0
28,3,HighChol,-1.0
28,4,HighChol,-1.0
29,0,PhysActivity,1.0
29,0,Income,7.0
29,1,BMI,-20.5
29,2,BMI,-16.8
29,3,Fruits,1.0
29,3,Income,7.0
29,4,HighChol,-1.0
29,4,BMI,-13.0
30,0,BMI,-13.5
30,2,HighChol,-1.0
30,3,BMI,-17.9
30,3,Smoker,-1.0
30,4,BMI,-15.3
31,0,BMI,-30.1
31,0,Smoker,-1.0
31,1,BMI,-27.0
31,2,BMI,-17.799999999999997
31,3,BMI,-22.9
31,4,HighBP,-1.0
31,4,BMI,-18.4
32,1,Income,4.0
32,2,HighChol,-1.0
32,2,Income,5.0
32,3,BMI,-13.0
32,4,BMI,-13.7
33,0,Income,6.0
33,2,BMI,-11.7
33,2,Education,1.0
33,3,BMI,-7.800000000000001
34,0,BMI,-14.200000000000003
34,0,Income,5.0
34,1,HighChol,-1.0
34,1,BMI,-29.3
34,2,BMI,-23.0
34,3,HighChol,-1.0
34,3,BMI,-25.0
34,4,HighChol,-1.0
34,4,BMI,-24.7
35,0,BMI,-11.3
35,1,BMI,-14.100000000000001
35,1,Fruits,1.0
35,2,BMI,-14.2
35,3,Income,5.0
35,4,BMI,-13.399999999999999
35,4,Income,3.0
36,0,BMI,-16.8
36,0,Education,2.0
36,1,BMI,-19.2
36,2,BMI,-19.8
36,3,BMI,-17.4
36,4,HighBP,-1.0
36,4,BMI,-18.8
37,0,BMI,-6.100000000000001
37,1,BMI,-13.399999999999999
37,1,Smoker,-1.0
37,2,BMI,-10.100000000000001
37,2,PhysActivity,1.0
37,3,BMI,-8.8
37,4,BMI,-10.899999999999999
37,4,Income,5.0
38,0,HighBP,-1.0
38,0,HighChol,-1.0
38,1,BMI,-19.3
38,1,Income,9.0
38,2,HighBP,-1.0
38,2,BMI,-23.1
38,3,HighChol,-1.0
38,3,BMI,-31.5
38,4,HighBP,-1.0
38,4,BMI,-26.3
39,0,BMI,-23.0
39,1,BMI,-20.1
39,2,BMI,-21.2
39,3,BMI,-25.5
39,3,Income,3.0
39,4,BMI,-25.2
40,0,BMI,-31.4
40,1,BMI,-27.4
40,2,BMI,-22.3
40,3,BMI,-25.9
40,3,Veggies,1.0
40,4,HighBP,-1.0
40,4,BMI,-30.3
41,0,BMI,-10.7
41,1,BMI,-12.7
41,1,Education,1.0
41,2,BMI,-9.2
41,3,BMI,-9.600000000000001
41,4,BMI,-9.3
42,0,HighBP,-1.0
42,0,HighChol,-1.0
42,1,HighBP,-1.0
42,1,BMI,-12.899999999999999
42,2,BMI,-8.7
42,3,HighBP,-1.0
42,3,HighChol,-1.0
42,4,HighChol,-1.0
42,4,BMI,-10.399999999999999
43,0,BMI,-31.8
43,1,BMI,-28.9
43,2,HighBP,-1.0
43,2,HighChol,-1.0
43,3,BMI,-25.8
43,4,BMI,-30.3
43,4,Income,5.0
44,0,HighBP,-1.0
44,1,BMI,-13.8
44,1,NoDocbcCost,-1.0
44,2,BMI,-9.5
44,2,Income,3.0
44,3,BMI,-14.3
44,4,Income,3.0
45,0,HighChol,-1.0
45,1,HighChol,-1.0
45,1,Education,2.0
45,2,BMI,-18.3
45,2,PhysActivity,1.0
45,3,Income,8.0
45,4,BMI,-21.1
46,0,BMI,-15.2
46,1,BMI,-22.5
46,2,BMI,-23.2
46,2,Income,1.0
46,3,BMI,-17.0
46,3,Education,1.0
46,4,BMI,-24.1
46,4,Income,4.0
47,0,BMI,-23.0
47,1,BMI,-21.700000000000003
47,2,Income,8.0
47,3,HighChol,-1.0
47,3,Income,2.0
47,4,Income,8.0
48,0,BMI,-20.6
48,0,Smoker,-1.0
48,1,BMI,-20.7
48,2,HighBP,-1.0
48,2,Income,6.0
48,3,BMI,-23.0
48,3,NoDocbcCost,-1.0
48,4,HighBP,-1.0
49,0,BMI,-27.3
49,1,BMI,-24.0
49,2,BMI,-26.8
49,3,BMI,-34.0
50,0,BMI,-18.3
50,1,HighChol,-1.0
50,1,BMI,-15.399999999999999
50,2,HighChol,-1.0
50,2,BMI,-10.399999999999999
50,3,HighBP,-1.0
50,4,HighChol,-1.0
50,4,BMI,-6.399999999999999
51,0,BMI,-11.7
51,0,Fruits,1.0
51,1,BMI,-15.0
51,2,BMI,-15.7
51,3,HighBP,-1.0
51,3,BMI,-14.0
51,4,BMI,-12.399999999999999
52,0,BMI,-27.4
52,1,BMI,-17.1
52,1,Income,3.0
52,2,BMI,-27.5
52,3,BMI,-27.3
52,4,BMI,-26.7
53,0,BMI,-14.5
53,0,Income,1.0
53,1,BMI,-14.600000000000001
53,2,BMI,-11.2
53,3,BMI,-13.8
53,3,Income,4.0
53,4,HighBP,-1.0
53,4,BMI,-17.5
54,0,BMI,-12.100000000000001
54,1,BMI,-15.3
54,2,BMI,-14.2
54,2,Education,1.0
54,3,BMI,-20.6
54,4,BMI,-17.1
55,0,BMI,-17.8
55,0,Income,2.0
55,1,HighChol,-1.0
55,2,BMI,-14.600000000000001
55,3,Income,3.0
55,4,Fruits,1.0
55,4,Income,3.0
56,0,HighBP,-1.0
56,0,BMI,-31.5
56,1,BMI,-22.1
56,2,BMI,-30.4
56,3,BMI,-32.3
56,4,BMI,-29.6
56,4,Income,5.0
57,0,HighBP,-1.0
57,0,BMI,-16.6
57,1,HighChol,-1.0
57,1,BMI,-16.8
57,2,HighChol,-1.0
57,3,HighBP,-1.0
57,3,BMI,-16.4
57,4,BMI,-18.9
58,0,BMI,-17.2
58,1,BMI,-19.0
58,1,Education,3.0
58,2,BMI,-15.899999999999999
58,3,BMI,-13.7
58,3,NoDocbcCost,-1.0
58,4,BMI,-13.100000000000001
58,4,NoDocbcCost,-1.0
59,0,BMI,-4.0
59,1,HighBP,-1.0
59,1,PhysActivity,1.0
59,2,BMI,-11.5
59,3,HighBP,-1.0
59,3,BMI,-7.899999999999999
59,4,BMI,-11.399999999999999
60,0,BMI,-12.399999999999999
60,0,Income,2.0
60,1,BMI,-13.2
60,2,BMI,-14.3
60,3,HighBP,-1.0
60,3,BMI,-14.5
60,4,BMI,-12.8
61,0,HighChol,-1.0
61,0,BMI,-10.600000000000001
61,1,HighChol,-1.0
61,1,BMI,-11.5
61,2,HighBP,-1.0
61,2,BMI,-8.600000000000001
61,3,BMI,-10.0
61,3,Income,7.0
61,4,BMI,-9.7
61,4,Income,6.0
62,0,BMI,-27.1
62,1,BMI,-24.6
62,2,BMI,-26.2
62,3,BMI,-24.3
62,4,BMI,-20.0
63,0,HighBP,-1.0
63,0,BMI,-18.5
63,1,BMI,-5.899999999999999
63,2,BMI,-9.0
63,3,BMI,-11.899999999999999
63,3,Income,4.0
63,4,HighChol,-1.0
64,0,HighChol,-1.0
64,0,BMI,-15.8
64,1,BMI,-12.7
64,2,HighBP,-1.0
64,2,BMI,-12.399999999999999
64,3,BMI,-12.899999999999999
64,4,BMI,-11.5
65,0,BMI,-24.9
65,0,Income,2.0
65,1,HighBP,-1.0
65,1,BMI,-22.8
65,2,Veggies,1.0
65,2,Income,8.0
65,3,BMI,-19.2
65,4,HighBP,-1.0
65,4,Income,2.0
66,0,BMI,-16.3
66,1,BMI,-8.100000000000001
66,3,HighChol,-1.0
66,3,PhysActivity,1.0
66,4,HighChol,-1.0
66,4,BMI,-12.5
67,0,HighBP,-1.0
67,0,BMI,-5.0
67,1,BMI,-9.2
67,2,BMI,-8.8
67,2,Income,7.0
67,3,BMI,-14.100000000000001
67,3,PhysActivity,1.0
67,4,PhysActivity,1.0
68,0,BMI,-29.0
68,1,BMI,-22.0
68,1,PhysActivity,1.0
68,2,BMI,-23.6
68,3,HighBP,-1.0
68,3,BMI,-24.0
68,4,HighBP,-1.0
68,4,BMI,-23.2
69,0,HighChol,-1.0
69,0,Income,2.0
69,1,HighBP,-1.0
69,1,Income,2.0
69,2,BMI,-37.8
69,2,PhysActivity,1.0
69,3,BMI,-41.2
69,3,Income,1.0
69,4,BMI,-39.1
70,0,BMI,-16.1
70,1,BMI,-21.4
70,2,BMI,-20.1
70,2,Income,3.0
70,3,BMI,-21.4
70,3,Education,1.0
70,4,HighChol,-1.0
70,4,BMI,-18.3
71,0,BMI,-22.6
71,0,PhysActivity,1.0
71,1,HighBP,-1.0
71,1,HighChol,-1.0
71,2,HighBP,-1.0
71,2,BMI,-25.4
71,3,HighChol,-1.0
71,3,BMI,-18.6
71,4,BMI,-24.0
71,4,Income,1.0
72,0,HighChol,-1.0
72,0,BMI,-19.5
72,1,HighBP,-1.0
72,1,BMI,-9.100000000000001
72,2,BMI,-21.4
72,3,BMI,-19.5
72,4,HighChol,-1.0
73,0,BMI,-10.8
73,1,HighChol,-1.0
73,1,BMI,-6.100000000000001
73,2,HighChol,-1.0
73,2,BMI,-11.7
73,3,BMI,-11.2
73,4,HighChol,-1.0
73,4,BMI,-15.2
74,0,BMI,-13.600000000000001
74,1,BMI,-6.699999999999999
74,2,BMI,-14.100000000000001
74,2,Education,1.0
74,3,BMI,-14.899999999999999
74,4,BMI,-18.4
75,0,HighChol,-1.0
75,0,Education,2.0
75,1,BMI,-18.6
75,1,Education,1.0
75,2,HighChol,-1.0
75,2,Education,1.0
75,3,BMI,-25.1
75,4,HighBP,-1.0
76,0,BMI,-12.600000000000001
76,1,HighChol,-1.0
76,1,BMI,-11.5
76,2,HighBP,-1.0
76,2,HighChol,-1.0
76,3,HighChol,-1.0
76,3,BMI,-3.8999999999999986
76,4,BMI,-16.7
77,0,HighChol,-1.0
77,0,Education,1.0
77,1,HighBP,-1.0
77,1,BMI,-33.6
77,2,HighBP,-1.0
77,3,BMI,-42.0
77,3,Smoker,-1.0
78,0,HighBP,-1.0
78,0,BMI,-15.0
78,1,BMI,-15.399999999999999
78,2,BMI,-15.3
78,2,Income,5.0
78,3,BMI,-9.600000000000001
78,4,HighBP,-1.0
78,4,Income,5.0
79,0,HighBP,-1.0
79,2,BMI,-20.2
79,2,Income,5.0
79,3,HighChol,-1.0
79,4,HighBP,-1.0
79,4,BMI,-13.100000000000001
80,0,HighBP,-1.0
80,0,Fruits,1.0
80,1,HighChol,-1.0
80,2,BMI,-11.2
80,2,Smoker,-1.0
80,3,BMI,-19.3
80,4,BMI,-8.399999999999999
81,0,BMI,-31.4
81,1,BMI,-31.6
81,1,Fruits,1.0
81,2,BMI,-26.7
81,2,Education,1.0
81,3,BMI,-24.9
81,4,BMI,-24.8
81,4,Fruits,1.0
82,0,HighBP,-1.0
82,0,HighChol,-1.0
82,1,Income,3.0
82,2,HighBP,-1.0
82,2,Income,4.0
82,3,HighBP,-1.0
82,3,HighChol,-1.0
82,4,HighBP,-1.0
82,4,Veggies,1.0
83,0,BMI,-28.1
83,1,BMI,-22.5
83,2,BMI,-24.1
83,2,PhysActivity,1.0
83,3,HighBP,-1.0
83,3,BMI,-22.5
83,4,HighBP,-1.0
83,4,BMI,-21.7
84,0,BMI,-21.1
84,1,PhysActivity,1.0
84,2,Income,4.0
84,3,HighChol,-1.0
84,4,BMI,-18.4
85,0,BMI,-15.8
85,1,BMI,-17.5
85,2,BMI,-12.799999999999997
85,3,BMI,-12.100000000000001
85,3,Income,3.0
85,4,BMI,-12.200000000000003
85,4,Income,6.0
86,0,BMI,-19.1
86,1,BMI,-21.6
86,1,PhysActivity,1.0
86,2,BMI,-25.3
86,3,BMI,-18.2
86,3,PhysActivity,1.0
86,4,HighBP,-1.0
86,4,BMI,-25.0
87,0,BMI,-19.4
87,1,HighChol,-1.0
87,1,BMI,-22.0
87,2,BMI,-20.4
87,3,BMI,-17.2
87,3,Income,9.0
87,4,BMI,-23.3
87,4,Income,7.0
88,0,Income,5.0
88,1,BMI,-4.799999999999997
88,2,HighChol,-1.0
88,3,HighBP,-1.0
88,3,BMI,-12.2
88,4,HighChol,-1.0
89,0,BMI,-18.8
89,0,Income,4.0
89,1,HighBP,-1.0
89,1,BMI,-20.9
89,2,BMI,-11.0
89,2,Education,2.0
89,3,BMI,-19.6
89,3,Education,2.0
89,4,BMI,-11.899999999999999
89,4,Income,2.0
90,0,BMI,-15.899999999999999
90,0,Education,2.0
90,1,BMI,-19.7
90,2,BMI,-13.7
90,2,Education,1.0
90,3,HighBP,-1.0
90,3,BMI,-21.5
90,4,HighBP,-1.0
90,4,BMI,-17.6
91,0,BMI,-16.7
91,0,Income,1.0
91,1,HighBP,-1.0
91,1,Income,6.0
91,2,HighChol,-1.0
91,3,BMI,-8.399999999999999
91,4,BMI,-19.3
92,0,BMI,-23.3
92,0,Education,2.0
92,1,BMI,-24.5
92,2,HighBP,-1.0
92,2,BMI,-24.5
92,3,BMI,-19.1
92,4,BMI,-23.4
93,0,HighChol,-1.0
93,0,BMI,-12.100000000000001
93,1,BMI,-15.2
93,1,Income,1.0
93,2,Income,5.0
93,3,BMI,-10.3
93,4,BMI,-8.600000000000001
94,0,HighBP,-1.0
94,0,BMI,-15.5
94,1,BMI,-16.5
94,2,BMI,-22.4
94,2,Income,7.0
94,3,BMI,-24.8
94,4,BMI,-19.6
95,0,BMI,-24.5
95,0,Education,1.0
95,1,BMI,-23.4
95,2,HighChol,-1.0
95,2,BMI,-25.3
95,3,BMI,-23.9
95,4,HighChol,-1.0
95,4,BMI,-20.8
96,0,BMI,-9.700000000000003
96,1,BMI,-14.7
96,2,BMI,-19.6
96,3,BMI,-20.0
96,3,Income,6.0
96,4,BMI,-18.9
97,0,BMI,-11.899999999999999
97,0,PhysActivity,1.0
97,1,BMI,-17.2
97,1,Fruits,1.0
97,2,BMI,-19.0
97,3,BMI,-19.4
97,3,Income,1.0
97,4,BMI,-21.7
98,0,BMI,-11.5
98,0,Income,5.0
98,1,BMI,-14.2
98,2,BMI,-13.100000000000001
98,3,HighBP,-1.0
98,3,BMI,-7.399999999999999
98,4,HighBP,-1.0
98,4,BMI,-5.800000000000001
99,0,BMI,-23.9
99,0,Smoker,-1.0
99,1,BMI,-22.2
99,2,BMI,-29.3
99,3,BMI,-23.6
99,4,BMI,-28.1
99,4,Income,2.0
100,0,HighBP,-1.0
100,0,BMI,-8.399999999999999
100,1,BMI,-20.2
100,2,HighBP,-1.0
100,2,HighChol,-1.0
100,3,HighBP,-1.0
100,3,BMI,-5.899999999999999
100,4,BMI,-14.2
101,0,BMI,-15.8
101,1,BMI,-23.0
101,2,BMI,-21.8
101,3,BMI,-24.4
101,4,BMI,-25.2
102,0,HighChol,-1.0
102,0,BMI,-17.1
102,1,HighBP,-1.0
102,1,Income,8.0
102,2,BMI,-15.8
102,2,PhysActivity,1.0
102,3,BMI,-14.600000000000001
102,3,PhysActivity,1.0
102,4,BMI,-14.399999999999999
103,0,BMI,-8.5
103,1,BMI,-8.100000000000001
103,2,BMI,-13.2
103,3,HighBP,-1.0
103,3,BMI,-8.899999999999999
103,4,BMI,-7.399999999999999
104,0,BMI,-15.899999999999999
104,1,BMI,-21.0
104,2,HighBP,-1.0
104,2,BMI,-22.2
104,3,HighBP,-1.0
104,3,BMI,-13.8
104,4,BMI,-14.899999999999999
105,0,BMI,-29.0
105,1,BMI,-25.1
105,2,BMI,-32.9
105,3,HighChol,-1.0
105,3,BMI,-32.9
105,4,BMI,-22.5
106,0,BMI,-13.7
106,1,BMI,-9.799999999999997
106,2,BMI,-23.4
106,3,BMI,-13.600000000000001
106,4,BMI,-21.1
107,0,BMI,-18.1
107,0,Education,1.0
107,1,HighBP,-1.0
107,1,BMI,-11.8
107,2,BMI,-16.1
107,3,BMI,-17.5
107,3,Smoker,-1.0
107,4,BMI,-13.600000000000001
108,0,BMI,-23.8
108,1,BMI,-28.6
108,1,Smoker,-1.0
108,2,BMI,-27.5
108,3,HighChol,-1.0
108,3,BMI,-24.3
108,4,BMI,-19.8
108,4,Smoker,-1.0
109,0,BMI,-13.7
109,1,BMI,-9.7
109,2,BMI,-20.6
109,3,BMI,-18.3
109,3,Veggies,1.0
109,4,BMI,-19.8
110,0,BMI,-33.2
110,1,NoDocbcCost,-1.0
110,1,Income,8.0
110,2,BMI,-31.5
110,2,Income,8.0
110,3,BMI,-35.7
110,3,Smoker,-1.0
110,4,BMI,-39.4
111,0,Income,2.0
111,1,HighChol,-1.0
111,2,BMI,-21.1
111,2,PhysActivity,1.0
111,3,HighBP,-1.0
111,3,HighChol,-1.0
111,4,BMI,-23.4
111,4,Education,1.0
112,0,HighBP,-1.0
112,0,BMI,-17.5
112,1,HighBP,-1.0
112,1,BMI,-18.5
112,2,BMI,-21.3
112,3,BMI,-16.1
112,4,HighBP,-1.0
112,4,Income,9.0
113,0,BMI,-27.0
113,1,HighChol,-1.0
113,1,Income,7.0
113,2,BMI,-18.299999999999997
113,2,Income,3.0
113,3,HighBP,-1.0
113,3,HighChol,-1.0
113,4,BMI,-33.9
114,0,BMI,-28.6
114,1,BMI,-24.1
114,2,BMI,-27.4
114,3,HighChol,-1.0
114,3,BMI,-27.3
114,4,BMI,-24.0
114,4,Smoker,-1.0
115,0,BMI,-20.2
115,1,BMI,-17.7
115,2,BMI,-16.8
115,2,Smoker,-1.0
115,3,BMI,-23.7
115,4,BMI,-24.9
116,0,BMI,-8.8
116,1,BMI,-12.7
116,2,BMI,-7.699999999999999
116,3,BMI,-15.8
116,3,Income,4.0
116,4,BMI,-12.5
117,0,BMI,-17.6
117,0,Education,1.0
117,1,BMI,-14.7
117,2,BMI,-15.8
117,3,BMI,-6.5
117,4,BMI,-14.100000000000001
118,0,BMI,-60.2
118,0,Income,2.0
118,1,BMI,-59.6
118,2,Income,5.0
118,3,Income,5.0
118,4,Income,7.0
119,0,BMI,-15.8
119,1,BMI,-15.399999999999999
119,2,BMI,-18.0
119,3,BMI,-10.2
119,3,Income,4.0
119,4,BMI,-17.3
119,4,Income,5.0
120,0,BMI,-22.4
120,1,BMI,-20.7
120,1,PhysActivity,1.0
120,2,HighChol,-1.0
120,2,BMI,-22.1
120,3,BMI,-20.8
120,3,Income,1.0
120,4,Income,6.0
121,0,BMI,-27.8
121,1,BMI,-30.0
121,1,Income,6.0
121,2,BMI,-35.3
121,3,Income,3.0
121,4,Income,9.0
122,0,BMI,-13.0
122,1,HighChol,-1.0
122,1,BMI,-9.899999999999999
122,2,BMI,-13.2
122,3,BMI,-13.5
122,4,BMI,-8.600000000000001
123,0,BMI,-26.2
123,1,Income,9.0
123,2,BMI,-27.1
123,3,BMI,-21.6
123,4,HighBP,-1.0
123,4,BMI,-16.4
124,0,BMI,-17.6
124,1,HighBP,-1.0
124,1,BMI,-16.3
124,2,HighChol,-1.0
124,2,BMI,-14.2
124,3,BMI,-13.3
124,4,BMI,-16.8
124,4,Fruits,1.0
125,0,BMI,-30.5
125,1,HighBP,-1.0
125,1,BMI,-23.2
125,2,BMI,-30.7
125,3,BMI,-25.4
125,3,Income,6.0
125,4,BMI,-33.4
125,4,NoDocbcCost,-1.0
126,0,HighBP,-1.0
126,0,BMI,-29.8
126,1,BMI,-21.9
126,2,BMI,-22.7
126,3,BMI,-22.2
126,4,BMI,-30.1
127,0,BMI,-13.399999999999999
127,1,BMI,-17.8
127,2,BMI,-24.4
127,3,BMI,-24.0
127,3,Income,4.0
127,4,BMI,-14.100000000000001
128,0,BMI,-12.100000000000001
128,1,HighChol,-1.0
128,1,BMI,-11.899999999999999
128,2,HighChol,-1.0
128,2,BMI,-11.8
128,3,BMI,-7.800000000000001
128,4,BMI,-13.0
128,4,Income,2.0
129,0,HighChol,-1.0
129,0,BMI,-22.3
129,1,BMI,-23.4
129,2,BMI,-20.5
129,2,Fruits,1.0
129,3,BMI,-27.1
129,4,BMI,-23.8
130,0,BMI,-13.600000000000001
130,0,Veggies,1.0
130,1,BMI,-13.2
130,1,Veggies,1.0
130,2,HighChol,-1.0
130,2,BMI,-7.0
130,3,BMI,-14.0
130,4,BMI,-9.399999999999999
130,4,Education,1.0
131,0,BMI,-16.7
131,0,Fruits,1.0
131,1,HighBP,-1.0
131,1,BMI,-13.0
131,2,HighBP,-1.0
131,2,BMI,-6.199999999999999
131,3,BMI,-15.0
131,4,BMI,-16.0
131,4,Income,4.0
132,0,BMI,-15.5
132,1,BMI,-10.3
132,2,BMI,-14.3
132,2,Income,6.0
132,3,BMI,-11.899999999999999
132,3,Veggies,1.0
132,4,BMI,-13.899999999999999
133,0,HighChol,-1.0
133,0,BMI,-19.6
133,1,BMI,-20.3
133,2,HighChol,-1.0
133,2,BMI,-25.5
133,3,BMI,-21.8
133,4,BMI,-15.0
134,0,BMI,-21.6
134,1,BMI,-31.6
134,1,PhysActivity,1.0
134,2,BMI,-25.0
134,2,PhysActivity,1.0
134,3,HighBP,-1.0
134,3,HighChol,-1.0
134,4,BMI,-25.1
135,0,HighBP,-1.0
135,1,HighBP,-1.0
135,2,HighChol,-1.0
135,2,BMI,-4.399999999999999
135,3,HighBP,-1.0
135,3,NoDocbcCost,-1.0
135,4,HighChol,-1.0
135,4,BMI,-3.8000000000000007
136,0,BMI,-14.399999999999999
136,0,Veggies,1.0
136,1,HighBP,-1.0
136,2,HighBP,-1.0
136,3,HighChol,-1.0
136,3,Education,2.0
136,4,BMI,-16.0
136,4,Income,5.0
137,0,HighChol,-1.0
137,0,BMI,-13.3
137,1,BMI,-8.600000000000001
137,2,HighBP,-1.0
137,2,BMI,-14.899999999999999
137,3,HighChol,-1.0
137,3,BMI,-9.600000000000001
137,4,BMI,-16.0
138,0,BMI,-27.7
138,1,BMI,-25.0
138,1,Income,4.0
138,2,BMI,-23.5
138,3,BMI,-29.4
138,3,Smoker,-1.0
138,4,BMI,-20.5
138,4,Income,4.0
139,0,BMI,-17.0
139,0,Income,1.0
139,1,BMI,-28.6
139,1,Veggies,1.0
139,2,BMI,-25.7
139,3,BMI,-24.1
139,3,Education,1.0
139,4,BMI,-26.9
140,0,HighBP,-1.0
140,0,BMI,-9.8
140,1,BMI,-15.100000000000001
140,1,Education,1.0
140,2,BMI,-18.4
140,3,BMI,-14.7
140,4,BMI,-16.3
141,0,HighChol,-1.0
141,0,Fruits,1.0
141,1,HighChol,-1.0
141,1,NoDocbcCost,-1.0
141,2,BMI,-10.399999999999999
141,3,Income,6.0
141,4,Fruits,1.0
142,0,HighBP,-1.0
142,0,PhysActivity,1.0
142,1,BMI,-14.399999999999999
142,1,PhysActivity,1.0
142,2,BMI,-19.7
142,3,BMI,-17.4
142,4,BMI,-9.0
142,4,PhysActivity,1.0
143,0,HighBP,-1.0
143,0,BMI,-7.5
143,1,BMI,-19.0
143,2,BMI,-19.7
143,3,BMI,-19.6
143,4,HighBP,-1.0
143,4,BMI,-10.100000000000001
144,0,HighBP,-1.0
144,0,BMI,-17.7
144,1,HighBP,-1.0
144,1,BMI,-17.8
144,2,HighBP,-1.0
144,2,BMI,-17.4
144,3,HighBP,-1.0
144,3,BMI,-17.7
144,4,HighBP,-1.0
144,4,BMI,-17.3
145,0,HighBP,-1.0
145,0,BMI,-20.0
145,1,HighBP,-1.0
145,1,Fruits,1.0
145,2,HighChol,-1.0
145,3,HighChol,-1.0
145,3,Income,4.0
145,4,HighBP,-1.0
146,0,HighBP,-1.0
146,0,BMI,-17.4
146,1,BMI,-17.6
146,1,PhysActivity,1.0
146,2,BMI,-13.600000000000001
146,3,BMI,-19.7
146,4,BMI,-8.8
147,0,BMI,-41.2
147,0,Income,8.0
147,1,BMI,-31.4
147,1,Income,1.0
147,2,HighBP,-1.0
147,2,Education,2.0
147,3,BMI,-38.2
147,4,Income,8.0
148,0,BMI,-21.1
148,1,HighChol,-1.0
148,1,BMI,-13.7
148,2,HighChol,-1.0
148,2,Income,5.0
148,3,BMI,-26.0
148,4,BMI,-19.2
149,0,HighChol,-1.0
149,0,BMI,-32.7
149,1,BMI,-33.8
149,3,BMI,-34.9
149,3,Education,1.0
149,4,HighBP,-1.0
149,4,BMI,-34.9
150,1,BMI,-19.7
150,2,BMI,-12.600000000000001
150,3,HighBP,-1.0
150,3,BMI,-13.0
150,4,HighChol,-1.0
150,4,Income,5.0
151,0,HighChol,-1.0
151,0,BMI,-28.9
151,1,BMI,-28.8
151,2,BMI,-27.4
151,3,BMI,-18.3
151,4,HighBP,-1.0
151,4,BMI,-29.8
152,0,BMI,-33.0
152,1,BMI,-31.5
152,2,BMI,-36.4
152,3,BMI,-40.4
152,4,BMI,-29.8
152,4,Income,3.0
153,0,HighBP,-1.0
153,1,HighBP,-1.0
153,1,BMI,-24.3
153,2,Smoker,-1.0
153,2,Income,9.0
153,3,BMI,-24.0
153,3,Income,7.0
154,0,BMI,-25.3
154,1,HighChol,-1.0
154,1,BMI,-17.3
154,2,BMI,-25.7
154,2,Income,5.0
154,3,HighBP,-1.0
154,3,HighChol,-1.0
154,4,Income,9.0
155,0,BMI,-29.9
155,1,BMI,-28.8
155,2,BMI,-34.6
155,3,BMI,-31.7
155,4,BMI,-34.7
156,0,HighBP,-1.0
156,0,BMI,-12.399999999999999
156,1,HighBP,-1.0
156,1,BMI,-13.100000000000001
156,2,BMI,-10.7
156,3,BMI,-13.3
156,3,Education,1.0
156,4,BMI,-10.399999999999999
157,1,BMI,-20.0
157,2,BMI,-17.9
157,2,Income,7.0
157,3,HighBP,-1.0
157,3,HighChol,-1.0
157,4,HighChol,-1.0
157,4,BMI,-16.200000000000003
158,0,BMI,-38.5
158,1,BMI,-30.0
158,2,BMI,-27.3
158,3,BMI,-37.4
158,4,BMI,-25.5
158,4,Income,2.0
159,0,BMI,-16.6
159,1,HighBP,-1.0
159,1,BMI,-11.399999999999999
159,2,BMI,-7.0
159,3,HighBP,-1.0
159,3,BMI,-14.899999999999999
159,4,BMI,-18.6
160,0,BMI,-15.2
160,0,Income,5.0
160,1,BMI,-10.399999999999999
160,2,HighChol,-1.0
160,2,BMI,-11.3
160,3,BMI,-7.199999999999999
160,4,HighBP,-1.0
160,4,BMI,-5.5
161,0,BMI,-27.0
161,1,BMI,-27.1
161,1,Income,9.0
161,2,BMI,-18.8
161,2,Income,9.0
161,3,BMI,-14.3
161,3,PhysActivity,1.0
161,4,BMI,-23.0
161,4,Income,1.0
162,0,BMI,-12.3
162,0,Income,9.0
162,1,HighChol,-1.0
162,2,HighChol,-1.0
162,2,Education,2.0
162,3,BMI,-10.600000000000001
162,3,Income,6.0
162,4,Education,2.0
163,0,BMI,-24.0
163,0,Smoker,-1.0
163,1,HighBP,-1.0
163,1,BMI,-16.8
163,2,BMI,-16.9
163,3,BMI,-14.899999999999999
163,3,PhysActivity,1.0
163,4,BMI,-15.600000000000001
163,4,Income,8.0
164,0,BMI,-25.3
164,1,BMI,-17.1
164,2,BMI,-23.7
164,3,BMI,-18.4
164,4,BMI,-22.4
165,0,HighChol,-1.0
165,0,BMI,-28.6
165,1,BMI,-42.0
165,2,BMI,-38.7
165,3,BMI,-30.6
165,4,BMI,-41.9
166,0,BMI,-11.8
166,0,Education,2.0
166,1,HighBP,-1.0
166,1,BMI,-7.899999999999999
166,2,HighBP,-1.0
166,2,Education,2.0
166,3,HighBP,-1.0
166,3,BMI,-8.100000000000001
166,4,HighBP,-1.0
166,4,BMI,-6.399999999999999
167,0,BMI,-19.6
167,0,Income,5.0
167,1,HighBP,-1.0
167,1,Income,6.0
167,2,HighBP,-1.0
167,2,BMI,-18.3
167,3,BMI,-20.1
167,4,BMI,-20.4
168,0,BMI,-17.1
168,1,HighBP,-1.0
168,1,BMI,-14.5
168,2,BMI,-19.1
168,3,HighBP,-1.0
168,3,BMI,-15.899999999999999
168,4,BMI,-9.7
169,0,HighBP,-1.0
169,0,BMI,-17.0
169,1,HighChol,-1.0
169,1,BMI,-23.1
169,2,BMI,-16.1
169,3,BMI,-19.9
169,4,BMI,-15.100000000000001
170,0,BMI,-32.2
170,1,BMI,-32.6
170,1,Education,2.0
170,2,BMI,-35.6
170,2,Income,3.0
170,3,BMI,-33.7
170,3,Income,2.0
170,4,BMI,-31.1
171,0,HighBP,-1.0
171,0,BMI,-24.7
171,1,BMI,-21.5
171,1,PhysActivity,1.0
171,2,BMI,-21.5
171,2,Fruits,1.0
171,3,BMI,-20.2
171,4,BMI,-24.0
171,4,PhysActivity,1.0
172,0,BMI,-47.7
172,0,PhysActivity,1.0
172,1,BMI,-43.6
172,1,Education,1.0
172,2,BMI,-41.9
172,3,Income,6.0
172,4,BMI,-44.0
172,4,Income,2.0
173,0,BMI,-26.3
173,1,BMI,-34.9
173,2,BMI,-33.6
173,3,BMI,-36.3
173,3,PhysActivity,1.0
173,4,BMI,-34.2
173,4,PhysActivity,1.0
174,0,HighBP,-1.0
174,0,BMI,-18.9
174,1,HighBP,-1.0
174,1,BMI,-33.9
174,2,HighBP,-1.0
174,2,BMI,-22.6
174,3,BMI,-30.4
174,3,Education,1.0
174,4,BMI,-33.6
175,0,BMI,-21.2
175,1,BMI,-25.8
175,2,BMI,-25.3
175,3,BMI,-26.8
175,4,HighBP,-1.0
175,4,BMI,-23.9
176,0,HighChol,-1.0
176,0,BMI,-29.4
176,1,BMI,-31.2
176,1,PhysActivity,1.0
176,2,BMI,-38.1
176,2,Education,2.0
176,3,HighBP,-1.0
176,3,BMI,-33.2
176,4,HighBP,-1.0
176,4,BMI,-35.3
177,0,BMI,-14.100000000000001
177,1,BMI,-13.600000000000001
177,2,HighBP,-1.0
177,2,BMI,-13.2
177,3,HighBP,-1.0
177,3,BMI,-17.1
177,4,HighChol,-1.0
177,4,BMI,-12.0
178,0,BMI,-17.1
178,1,BMI,-14.0
178,2,BMI,-24.2
178,3,HighChol,-1.0
178,3,Income,9.0
178,4,BMI,-24.2
179,0,HighBP,-1.0
179,0,BMI,-21.0
179,1,BMI,-31.5
179,2,BMI,-35.2
179,2,Income,1.0
179,3,BMI,-29.1
179,4,BMI,-35.2
180,0,BMI,-24.4
180,0,NoDocbcCost,-1.0
180,1,BMI,-22.9
180,1,Income,3.0
180,2,BMI,-25.2
180,2,NoDocbcCost,-1.0
180,3,BMI,-29.2
180,3,Income,1.0
180,4,BMI,-32.3
181,0,BMI,-26.3
181,0,PhysActivity,1.0
181,1,BMI,-30.8
181,2,BMI,-33.0
181,2,PhysActivity,1.0
181,3,HighChol,-1.0
181,3,BMI,-25.3
181,4,BMI,-30.5
181,4,Fruits,1.0
182,0,HighBP,-1.0
182,0,BMI,-21.4
182,1,BMI,-21.4
182,1,Education,1.0
182,2,HighChol,-1.0
182,2,BMI,-13.2
182,3,BMI,-20.6
182,3,Education,1.0
182,4,BMI,-16.8
182,4,Education,1.0
183,0,HighChol,-1.0
183,0,BMI,-70.3
183,1,BMI,-66.1
183,1,Smoker,-1.0
183,2,HighBP,-1.0
183,2,BMI,-55.6
183,3,BMI,-70.0
183,3,Income,4.0
183,4,BMI,-67.3
184,0,BMI,-47.5
184,0,Fruits,1.0
184,1,BMI,-57.6
184,2,HighBP,-1.0
184,2,BMI,-44.6
184,3,HighChol,-1.0
184,3,BMI,-42.8
184,4,BMI,-54.8
184,4,Income,3.0
185,0,HighBP,-1.0
185,0,BMI,-11.8
185,1,BMI,-19.5
185,1,Income,3.0
185,2,BMI,-19.6
185,3,HighBP,-1.0
185,3,BMI,-18.1
185,4,HighChol,-1.0
185,4,BMI,-17.8
186,0,BMI,-25.3
186,0,Education,2.0
186,1,BMI,-27.3
186,1,Income,4.0
186,2,BMI,-29.4
186,3,BMI,-24.2
186,3,Fruits,1.0
186,4,BMI,-25.0
187,0,HighChol,-1.0
187,0,BMI,-21.9
187,1,BMI,-20.6
187,2,BMI,-23.0
187,3,BMI,-23.4
187,4,BMI,-19.3
187,4,PhysActivity,1.0
188,0,BMI,-29.7
188,1,HighBP,-1.0
188,1,BMI,-29.6
188,2,BMI,-26.6
188,3,BMI,-25.4
188,3,Income,4.0
188,4,BMI,-31.8
188,4,Fruits,1.0
189,0,HighBP,-1.0
189,0,BMI,-34.2
189,1,BMI,-37.7
189,2,BMI,-33.2
189,2,Income,7.0
189,3,BMI,-31.4
189,3,Income,6.0
189,4,HighBP,-1.0
189,4,BMI,-28.3
190,0,HighBP,-1.0
190,0,BMI,-40.4
190,1,HighBP,-1.0
190,1,BMI,-32.5
190,2,BMI,-29.0
190,3,HighBP,-1.0
190,3,BMI,-35.9
190,4,HighBP,-1.0
190,4,BMI,-33.6
191,0,BMI,-24.1
191,0,Income,3.0
191,1,BMI,-36.4
191,2,BMI,-36.9
191,2,Income,2.0
191,3,BMI,-38.9
191,4,BMI,-34.9
192,0,BMI,-14.399999999999999
192,1,HighBP,-1.0
192,1,BMI,-11.899999999999999
192,2,BMI,-13.100000000000001
192,3,BMI,-12.8
192,4,BMI,-16.4
192,4,PhysActivity,1.0
193,0,BMI,-31.1
193,1,BMI,-30.8
193,2,BMI,-29.2
193,3,BMI,-37.8
193,4,BMI,-33.9
194,0,BMI,-39.6
194,0,Smoker,-1.0
194,1,BMI,-32.8
194,1,Fruits,1.0
194,2,BMI,-33.4
194,2,Fruits,1.0
194,3,BMI,-38.7
194,3,Income,4.0
194,4,BMI,-36.3
194,4,PhysActivity,1.0
195,0,HighChol,-1.0
195,0,BMI,-27.0
195,1,HighBP,-1.0
195,1,BMI,-31.1
195,2,BMI,-29.2
195,3,BMI,-40.0
195,4,HighBP,-1.0
195,4,BMI,-36.2
196,0,BMI,-34.1
196,0,Income,3.0
196,1,BMI,-29.5
196,2,HighChol,-1.0
196,2,BMI,-35.2
196,3,BMI,-34.1
196,3,Education,1.0
196,4,BMI,-31.8
197,0,BMI,-33.8
197,1,BMI,-36.1
197,2,HighBP,-1.0
197,2,BMI,-32.8
197,3,BMI,-35.7
197,3,Income,4.0
197,4,BMI,-34.4
198,0,HighBP,-1.0
198,0,BMI,-34.2
198,1,BMI,-33.7
198,1,Income,2.0
198,2,BMI,-28.7
198,2,Education,1.0
198,3,BMI,-24.8
198,4,HighChol,-1.0
198,4,BMI,-22.6
199,0,HighBP,-1.0
199,0,BMI,-40.9
199,1,HighChol,-1.0
199,1,BMI,-36.4
199,2,BMI,-34.9
199,2,Income,6.0
199,3,BMI,-39.3
199,4,BMI,-40.0
199,4,Income,5.0
