query_i,cf_k,base_proba,cf_pred,valid,n_changes
0,0,0.6929807662963867,0,1,2
0,1,0.6929807662963867,0,1,2
0,2,0.6929807662963867,0,1,1
0,3,0.6929807662963867,1,0,1
0,4,0.6929807662963867,1,0,1
1,0,0.6941699385643005,0,1,1
1,1,0.6941699385643005,1,0,0
1,2,0.6941699385643005,0,1,1
1,3,0.6941699385643005,0,1,2
1,4,0.6941699385643005,0,1,2
2,0,0.6951655745506287,0,1,2
2,1,0.6951655745506287,1,0,1
2,2,0.6951655745506287,0,1,1
2,3,0.6951655745506287,0,1,1
2,4,0.6951655745506287,0,1,2
3,0,0.6954867839813232,0,1,1
3,1,0.6954867839813232,1,0,1
3,2,0.6954867839813232,0,1,2
3,3,0.6954867839813232,1,0,1
3,4,0.6954867839813232,1,0,0
4,0,0.6963154673576355,0,1,2
4,1,0.6963154673576355,0,1,2
4,2,0.6963154673576355,0,1,2
4,3,0.6963154673576355,0,1,1
4,4,0.6963154673576355,0,1,2
5,0,0.6970149874687195,0,1,1
5,1,0.6970149874687195,0,1,2
5,2,0.6970149874687195,0,1,1
5,3,0.6970149874687195,1,0,1
5,4,0.6970149874687195,0,1,2
6,0,0.6972097754478455,0,1,1
6,1,0.6972097754478455,1,0,1
6,2,0.6972097754478455,1,0,1
6,3,0.6972097754478455,1,0,1
6,4,0.6972097754478455,0,1,1
7,0,0.6974158883094788,0,1,1
7,1,0.6974158883094788,0,1,1
7,2,0.6974158883094788,0,1,1
7,3,0.6974158883094788,0,1,1
7,4,0.6974158883094788,0,1,1
8,0,0.6974721550941467,0,1,1
8,1,0.6974721550941467,0,1,1
8,2,0.6974721550941467,0,1,2
8,3,0.6974721550941467,1,0,1
8,4,0.6974721550941467,0,1,2
9,0,0.6975156664848328,0,1,2
9,1,0.6975156664848328,0,1,2
9,2,0.6975156664848328,0,1,2
9,3,0.6975156664848328,0,1,2
9,4,0.6975156664848328,0,1,2
10,0,0.6980187296867371,0,1,2
10,1,0.6980187296867371,0,1,1
10,2,0.6980187296867371,0,1,1
10,3,0.6980187296867371,0,1,1
10,4,0.6980187296867371,0,1,2
11,0,0.6981833577156067,0,1,2
11,1,0.6981833577156067,1,0,2
11,2,0.6981833577156067,1,0,1
11,3,0.6981833577156067,0,1,1
11,4,0.6981833577156067,0,1,2
12,0,0.6986228823661804,0,1,2
12,1,0.6986228823661804,0,1,1
12,2,0.6986228823661804,0,1,1
12,3,0.6986228823661804,0,1,1
12,4,0.6986228823661804,0,1,2
13,0,0.6988945007324219,0,1,2
13,1,0.6988945007324219,1,0,1
13,2,0.6988945007324219,0,1,2
13,3,0.6988945007324219,0,1,1
13,4,0.6988945007324219,0,1,2
14,0,0.6996994018554688,0,1,2
14,1,0.6996994018554688,0,1,2
14,2,0.6996994018554688,0,1,2
14,3,0.6996994018554688,0,1,2
14,4,0.6996994018554688,1,0,2
15,0,0.70008385181427,0,1,1
15,1,0.70008385181427,0,1,2
15,2,0.70008385181427,0,1,2
15,3,0.70008385181427,0,1,1
15,4,0.70008385181427,0,1,2
16,0,0.7004866600036621,1,0,1
16,1,0.7004866600036621,0,1,1
16,2,0.7004866600036621,0,1,1
16,3,0.7004866600036621,0,1,2
16,4,0.7004866600036621,0,1,2
17,0,0.7006297707557678,1,0,2
17,1,0.7006297707557678,0,1,2
17,2,0.7006297707557678,0,1,2
17,3,0.7006297707557678,0,1,2
17,4,0.7006297707557678,0,1,2
18,0,0.7013761401176453,1,0,1
18,1,0.7013761401176453,1,0,1
18,2,0.7013761401176453,0,1,2
18,3,0.7013761401176453,0,1,2
18,4,0.7013761401176453,0,1,1
19,0,0.7014911770820618,1,0,1
19,1,0.7014911770820618,0,1,2
19,2,0.7014911770820618,0,1,2
19,3,0.7014911770820618,0,1,2
19,4,0.7014911770820618,1,0,1
20,0,0.7020198106765747,0,1,2
20,1,0.7020198106765747,0,1,2
20,2,0.7020198106765747,0,1,2
20,3,0.7020198106765747,0,1,1
20,4,0.7020198106765747,0,1,2
21,0,0.7024523019790649,0,1,2
21,1,0.7024523019790649,0,1,2
21,2,0.7024523019790649,0,1,2
21,3,0.7024523019790649,1,0,1
21,4,0.7024523019790649,1,0,2
22,0,0.702754020690918,1,0,1
22,1,0.702754020690918,1,0,1
22,2,0.702754020690918,0,1,1
22,3,0.702754020690918,0,1,1
22,4,0.702754020690918,0,1,2
23,0,0.7027558088302612,0,1,2
23,1,0.7027558088302612,1,0,1
23,2,0.7027558088302612,0,1,2
23,3,0.7027558088302612,0,1,2
23,4,0.7027558088302612,0,1,1
24,0,0.7031182646751404,0,1,2
24,1,0.7031182646751404,1,0,1
24,2,0.7031182646751404,0,1,2
24,3,0.7031182646751404,1,0,1
24,4,0.7031182646751404,1,0,1
25,0,0.7032104134559631,0,1,1
25,1,0.7032104134559631,0,1,2
25,2,0.7032104134559631,0,1,2
25,3,0.7032104134559631,0,1,1
25,4,0.7032104134559631,1,0,1
26,0,0.7038324475288391,1,0,1
26,1,0.7038324475288391,0,1,2
26,2,0.7038324475288391,1,0,1
26,3,0.7038324475288391,0,1,1
26,4,0.7038324475288391,0,1,1
27,0,0.7039388418197632,0,1,2
27,1,0.7039388418197632,0,1,2
27,2,0.7039388418197632,1,0,1
27,3,0.7039388418197632,0,1,1
27,4,0.7039388418197632,0,1,2
28,0,0.7039455771446228,0,1,1
28,1,0.7039455771446228,0,1,2
28,2,0.7039455771446228,0,1,1
28,3,0.7039455771446228,0,1,2
28,4,0.7039455771446228,0,1,2
29,0,0.7042427062988281,0,1,2
29,1,0.7042427062988281,0,1,2
29,2,0.7042427062988281,0,1,2
29,3,0.7042427062988281,0,1,2
29,4,0.7042427062988281,0,1,1
30,0,0.704617440700531,0,1,2
30,1,0.704617440700531,0,1,2
30,2,0.704617440700531,0,1,2
30,3,0.704617440700531,0,1,1
30,4,0.704617440700531,0,1,2
31,0,0.704753041267395,0,1,2
31,1,0.704753041267395,0,1,2
31,2,0.704753041267395,0,1,2
31,3,0.704753041267395,0,1,1
31,4,0.704753041267395,1,0,2
32,0,0.7051708698272705,0,1,2
32,1,0.7051708698272705,0,1,2
32,2,0.7051708698272705,1,0,1
32,3,0.7051708698272705,0,1,2
32,4,0.7051708698272705,0,1,1
33,0,0.705204963684082,0,1,2
33,1,0.705204963684082,1,0,1
33,2,0.705204963684082,0,1,2
33,3,0.705204963684082,0,1,2
33,4,0.705204963684082,1,0,1
34,0,0.7053723335266113,0,1,2
34,1,0.7053723335266113,0,1,2
34,2,0.7053723335266113,0,1,1
34,3,0.7053723335266113,0,1,2
34,4,0.7053723335266113,0,1,1
35,0,0.7064893245697021,0,1,1
35,1,0.7064893245697021,0,1,2
35,2,0.7064893245697021,0,1,1
35,3,0.7064893245697021,0,1,1
35,4,0.7064893245697021,0,1,1
36,0,0.7065232396125793,1,0,1
36,1,0.7065232396125793,0,1,2
36,2,0.7065232396125793,0,1,1
36,3,0.7065232396125793,1,0,2
36,4,0.7065232396125793,0,1,2
37,0,0.7071533203125,0,1,1
37,1,0.7071533203125,0,1,2
37,2,0.7071533203125,0,1,2
37,3,0.7071533203125,0,1,2
37,4,0.7071533203125,0,1,1
38,0,0.7074436545372009,1,0,1
38,1,0.7074436545372009,0,1,2
38,2,0.7074436545372009,0,1,1
38,3,0.7074436545372009,1,0,1
38,4,0.7074436545372009,0,1,1
39,0,0.7074741125106812,0,1,2
39,1,0.7074741125106812,0,1,2
39,2,0.7074741125106812,0,1,1
39,3,0.7074741125106812,0,1,1
39,4,0.7074741125106812,0,1,2
40,0,0.7076637148857117,0,1,1
40,1,0.7076637148857117,0,1,2
40,2,0.7076637148857117,1,0,1
40,3,0.7076637148857117,0,1,1
40,4,0.7076637148857117,0,1,1
41,0,0.7076753377914429,0,1,2
41,1,0.7076753377914429,0,1,2
41,2,0.7076753377914429,0,1,1
41,3,0.7076753377914429,0,1,1
41,4,0.7076753377914429,0,1,2
42,0,0.7080050706863403,0,1,1
42,1,0.7080050706863403,0,1,2
42,2,0.7080050706863403,0,1,2
42,3,0.7080050706863403,0,1,2
42,4,0.7080050706863403,1,0,2
43,0,0.7081912755966187,0,1,2
43,1,0.7081912755966187,0,1,2
43,2,0.7081912755966187,0,1,1
43,3,0.7081912755966187,1,0,1
43,4,0.7081912755966187,0,1,1
44,0,0.7087059020996094,0,1,2
44,1,0.7087059020996094,0,1,1
44,2,0.7087059020996094,1,0,0
44,3,0.7087059020996094,0,1,2
44,4,0.7087059020996094,0,1,1
45,0,0.709610641002655,1,0,0
45,1,0.709610641002655,1,0,1
45,2,0.709610641002655,0,1,2
45,3,0.709610641002655,0,1,2
45,4,0.709610641002655,0,1,1
46,0,0.7097377181053162,1,0,1
46,1,0.7097377181053162,0,1,2
46,2,0.7097377181053162,0,1,1
46,3,0.7097377181053162,0,1,1
46,4,0.7097377181053162,0,1,1
47,0,0.7097381949424744,0,1,2
47,1,0.7097381949424744,0,1,1
47,2,0.7097381949424744,0,1,1
47,3,0.7097381949424744,0,1,1
47,4,0.7097381949424744,0,1,1
48,0,0.7099443674087524,0,1,2
48,1,0.7099443674087524,0,1,1
48,2,0.7099443674087524,0,1,2
48,3,0.7099443674087524,0,1,2
48,4,0.7099443674087524,1,0,1
49,0,0.7129455208778381,0,1,2
49,1,0.7129455208778381,0,1,2
49,2,0.7129455208778381,0,1,2
49,3,0.7129455208778381,0,1,2
49,4,0.7129455208778381,1,0,1
50,0,0.7135286331176758,0,1,2
50,1,0.7135286331176758,0,1,2
50,2,0.7135286331176758,1,0,0
50,3,0.7135286331176758,1,0,1
50,4,0.7135286331176758,0,1,1
51,0,0.71379154920578,0,1,2
51,1,0.71379154920578,0,1,1
51,2,0.71379154920578,1,0,1
51,3,0.71379154920578,0,1,2
51,4,0.71379154920578,0,1,1
52,0,0.7153356671333313,0,1,2
52,1,0.7153356671333313,0,1,1
52,2,0.7153356671333313,0,1,1
52,3,0.7153356671333313,0,1,2
52,4,0.7153356671333313,0,1,2
53,0,0.7154547572135925,1,0,1
53,1,0.7154547572135925,1,0,1
53,2,0.7154547572135925,0,1,2
53,3,0.7154547572135925,1,0,1
53,4,0.7154547572135925,0,1,2
54,0,0.7156168222427368,0,1,2
54,1,0.7156168222427368,0,1,2
54,2,0.7156168222427368,0,1,1
54,3,0.7156168222427368,0,1,2
54,4,0.7156168222427368,0,1,2
55,0,0.7156310677528381,0,1,1
55,1,0.7156310677528381,0,1,2
55,2,0.7156310677528381,0,1,1
55,3,0.7156310677528381,0,1,2
55,4,0.7156310677528381,0,1,2
56,0,0.7167387008666992,0,1,1
56,1,0.7167387008666992,0,1,1
56,2,0.7167387008666992,0,1,2
56,3,0.7167387008666992,0,1,2
56,4,0.7167387008666992,1,0,1
57,0,0.7171505689620972,0,1,2
57,1,0.7171505689620972,1,0,1
57,2,0.7171505689620972,0,1,2
57,3,0.7171505689620972,0,1,1
57,4,0.7171505689620972,1,0,2
58,0,0.7177093029022217,0,1,1
58,1,0.7177093029022217,0,1,2
58,2,0.7177093029022217,1,0,2
58,3,0.7177093029022217,0,1,2
58,4,0.7177093029022217,0,1,2
59,0,0.7179986238479614,0,1,2
59,1,0.7179986238479614,1,0,1
59,2,0.7179986238479614,0,1,2
59,3,0.7179986238479614,0,1,2
59,4,0.7179986238479614,1,0,1
60,0,0.7190868854522705,0,1,2
60,1,0.7190868854522705,1,0,1
60,2,0.7190868854522705,0,1,1
60,3,0.7190868854522705,1,0,1
60,4,0.7190868854522705,1,0,2
61,0,0.7197021245956421,0,1,2
61,1,0.7197021245956421,0,1,2
61,2,0.7197021245956421,0,1,2
61,3,0.7197021245956421,0,1,2
61,4,0.7197021245956421,0,1,2
62,0,0.7198353409767151,0,1,2
62,1,0.7198353409767151,0,1,2
62,2,0.7198353409767151,0,1,1
62,3,0.7198353409767151,0,1,2
62,4,0.7198353409767151,0,1,2
63,0,0.7206022143363953,0,1,2
63,1,0.7206022143363953,0,1,2
63,2,0.7206022143363953,1,0,1
63,3,0.7206022143363953,1,0,1
63,4,0.7206022143363953,1,0,1
64,0,0.7206869125366211,0,1,2
64,1,0.7206869125366211,0,1,2
64,2,0.7206869125366211,0,1,2
64,3,0.7206869125366211,1,0,2
64,4,0.7206869125366211,0,1,2
65,0,0.7206974029541016,0,1,2
65,1,0.7206974029541016,0,1,1
65,2,0.7206974029541016,0,1,1
65,3,0.7206974029541016,0,1,2
65,4,0.7206974029541016,0,1,2
66,0,0.720938503742218,0,1,2
66,1,0.720938503742218,0,1,2
66,2,0.720938503742218,1,0,1
66,3,0.720938503742218,1,0,1
66,4,0.720938503742218,0,1,2
67,0,0.7212719917297363,1,0,2
67,1,0.7212719917297363,0,1,2
67,2,0.7212719917297363,0,1,2
67,3,0.7212719917297363,0,1,2
67,4,0.7212719917297363,0,1,1
68,0,0.72307950258255,0,1,2
68,1,0.72307950258255,0,1,1
68,2,0.72307950258255,0,1,2
68,3,0.72307950258255,0,1,1
68,4,0.72307950258255,0,1,2
69,0,0.7236378192901611,0,1,1
69,1,0.7236378192901611,0,1,2
69,2,0.7236378192901611,0,1,2
69,3,0.7236378192901611,0,1,1
69,4,0.7236378192901611,1,0,2
70,0,0.7236534357070923,0,1,1
70,1,0.7236534357070923,1,0,1
70,2,0.7236534357070923,0,1,2
70,3,0.7236534357070923,0,1,1
70,4,0.7236534357070923,0,1,1
71,0,0.7236793041229248,0,1,1
71,1,0.7236793041229248,0,1,1
71,2,0.7236793041229248,0,1,2
71,3,0.7236793041229248,0,1,1
71,4,0.7236793041229248,1,0,1
72,0,0.7241473197937012,0,1,2
72,1,0.7241473197937012,0,1,2
72,2,0.7241473197937012,1,0,1
72,3,0.7241473197937012,0,1,1
72,4,0.7241473197937012,0,1,2
73,0,0.7247360348701477,0,1,2
73,1,0.7247360348701477,0,1,1
73,2,0.7247360348701477,1,0,1
73,3,0.7247360348701477,0,1,1
73,4,0.7247360348701477,0,1,1
74,0,0.7247841358184814,0,1,2
74,1,0.7247841358184814,0,1,2
74,2,0.7247841358184814,0,1,1
74,3,0.7247841358184814,0,1,2
74,4,0.7247841358184814,1,0,2
75,0,0.7249191403388977,0,1,1
75,1,0.7249191403388977,1,0,0
75,2,0.7249191403388977,0,1,1
75,3,0.7249191403388977,0,1,1
75,4,0.7249191403388977,0,1,1
76,0,0.7252013683319092,0,1,2
76,1,0.7252013683319092,0,1,1
76,2,0.7252013683319092,0,1,2
76,3,0.7252013683319092,1,0,1
76,4,0.7252013683319092,0,1,2
77,0,0.7262243628501892,1,0,0
77,1,0.7262243628501892,0,1,2
77,2,0.7262243628501892,0,1,2
77,3,0.7262243628501892,0,1,2
77,4,0.7262243628501892,0,1,2
78,0,0.7263371348381042,0,1,2
78,1,0.7263371348381042,0,1,2
78,2,0.7263371348381042,0,1,1
78,3,0.7263371348381042,0,1,2
78,4,0.7263371348381042,1,0,0
79,0,0.7263787388801575,1,0,1
79,1,0.7263787388801575,1,0,2
79,2,0.7263787388801575,0,1,1
79,3,0.7263787388801575,0,1,2
79,4,0.7263787388801575,0,1,2
80,0,0.7267802953720093,0,1,1
80,1,0.7267802953720093,0,1,1
80,2,0.7267802953720093,0,1,2
80,3,0.7267802953720093,0,1,2
80,4,0.7267802953720093,1,0,1
81,0,0.7273833751678467,0,1,1
81,1,0.7273833751678467,0,1,2
81,2,0.7273833751678467,0,1,2
81,3,0.7273833751678467,0,1,2
81,4,0.7273833751678467,0,1,2
82,0,0.7275745868682861,0,1,2
82,1,0.7275745868682861,1,0,1
82,2,0.7275745868682861,0,1,2
82,3,0.7275745868682861,1,0,1
82,4,0.7275745868682861,0,1,2
83,0,0.7277905344963074,0,1,1
83,1,0.7277905344963074,0,1,2
83,2,0.7277905344963074,0,1,1
83,3,0.7277905344963074,0,1,2
83,4,0.7277905344963074,0,1,1
84,0,0.7286369800567627,0,1,1
84,1,0.7286369800567627,0,1,2
84,2,0.7286369800567627,0,1,1
84,3,0.7286369800567627,0,1,2
84,4,0.7286369800567627,0,1,2
85,0,0.7290343046188354,0,1,1
85,1,0.7290343046188354,0,1,1
85,2,0.7290343046188354,0,1,2
85,3,0.7290343046188354,0,1,2
85,4,0.7290343046188354,0,1,2
86,0,0.7292184233665466,1,0,0
86,1,0.7292184233665466,0,1,2
86,2,0.7292184233665466,0,1,1
86,3,0.7292184233665466,0,1,1
86,4,0.7292184233665466,1,0,1
87,0,0.7295424342155457,0,1,2
87,1,0.7295424342155457,0,1,1
87,2,0.7295424342155457,0,1,1
87,3,0.7295424342155457,0,1,2
87,4,0.7295424342155457,0,1,1
88,0,0.7295880317687988,0,1,2
88,1,0.7295880317687988,0,1,2
88,2,0.7295880317687988,0,1,2
88,3,0.7295880317687988,0,1,2
88,4,0.7295880317687988,0,1,2
89,0,0.729762852191925,0,1,1
89,1,0.729762852191925,0,1,1
89,2,0.729762852191925,0,1,2
89,3,0.729762852191925,0,1,2
89,4,0.729762852191925,0,1,1
90,0,0.7314945459365845,0,1,2
90,1,0.7314945459365845,0,1,2
90,2,0.7314945459365845,0,1,2
90,3,0.7314945459365845,0,1,2
90,4,0.7314945459365845,0,1,1
91,0,0.7321977615356445,0,1,1
91,1,0.7321977615356445,0,1,1
91,2,0.7321977615356445,1,0,1
91,3,0.7321977615356445,1,0,2
91,4,0.7321977615356445,0,1,2
92,0,0.73377525806427,0,1,2
92,1,0.73377525806427,0,1,2
92,2,0.73377525806427,0,1,1
92,3,0.73377525806427,0,1,2
92,4,0.73377525806427,0,1,1
93,0,0.7338761687278748,0,1,2
93,1,0.7338761687278748,0,1,2
93,2,0.7338761687278748,1,0,1
93,3,0.7338761687278748,1,0,1
93,4,0.7338761687278748,1,0,1
94,0,0.7338836193084717,0,1,2
94,1,0.7338836193084717,0,1,2
94,2,0.7338836193084717,0,1,2
94,3,0.7338836193084717,0,1,2
94,4,0.7338836193084717,0,1,2
95,0,0.7358616590499878,0,1,2
95,1,0.7358616590499878,0,1,2
95,2,0.7358616590499878,0,1,2
95,3,0.7358616590499878,0,1,1
95,4,0.7358616590499878,1,0,1
96,0,0.7360454201698303,0,1,2
96,1,0.7360454201698303,0,1,2
96,2,0.7360454201698303,0,1,2
96,3,0.7360454201698303,0,1,1
96,4,0.7360454201698303,0,1,2
97,0,0.736804723739624,0,1,1
97,1,0.736804723739624,0,1,1
97,2,0.736804723739624,0,1,2
97,3,0.736804723739624,1,0,1
97,4,0.736804723739624,0,1,1
98,0,0.7369583249092102,0,1,2
98,1,0.7369583249092102,0,1,2
98,2,0.7369583249092102,0,1,2
98,3,0.7369583249092102,0,1,1
98,4,0.7369583249092102,0,1,1
99,0,0.7373521327972412,0,1,1
99,1,0.7373521327972412,0,1,2
99,2,0.7373521327972412,0,1,2
99,3,0.7373521327972412,1,0,1
99,4,0.7373521327972412,0,1,1
100,0,0.7379310131072998,0,1,2
100,1,0.7379310131072998,0,1,1
100,2,0.7379310131072998,0,1,1
100,3,0.7379310131072998,0,1,1
100,4,0.7379310131072998,0,1,1
101,0,0.7382239699363708,0,1,1
101,1,0.7382239699363708,0,1,2
101,2,0.7382239699363708,0,1,2
101,3,0.7382239699363708,0,1,2
101,4,0.7382239699363708,0,1,1
102,0,0.738715648651123,0,1,2
102,1,0.738715648651123,0,1,2
102,2,0.738715648651123,1,0,1
102,3,0.738715648651123,0,1,1
102,4,0.738715648651123,0,1,2
103,0,0.7389344573020935,0,1,2
103,1,0.7389344573020935,1,0,1
103,2,0.7389344573020935,0,1,2
103,3,0.7389344573020935,0,1,1
103,4,0.7389344573020935,0,1,2
104,0,0.7424191832542419,1,0,1
104,1,0.7424191832542419,0,1,2
104,2,0.7424191832542419,0,1,2
104,3,0.7424191832542419,0,1,2
104,4,0.7424191832542419,0,1,2
105,0,0.7432502508163452,0,1,2
105,1,0.7432502508163452,0,1,2
105,2,0.7432502508163452,0,1,2
105,3,0.7432502508163452,1,0,0
105,4,0.7432502508163452,0,1,2
106,0,0.744046688079834,0,1,1
106,1,0.744046688079834,0,1,2
106,2,0.744046688079834,0,1,1
106,3,0.744046688079834,0,1,1
106,4,0.744046688079834,0,1,1
107,0,0.7444980144500732,0,1,1
107,1,0.7444980144500732,0,1,2
107,2,0.7444980144500732,0,1,1
107,3,0.7444980144500732,1,0,1
107,4,0.7444980144500732,0,1,2
108,0,0.7445898056030273,0,1,2
108,1,0.7445898056030273,1,0,1
108,2,0.7445898056030273,0,1,2
108,3,0.7445898056030273,0,1,1
108,4,0.7445898056030273,0,1,2
109,0,0.7446625232696533,0,1,2
109,1,0.7446625232696533,0,1,1
109,2,0.7446625232696533,0,1,1
109,3,0.7446625232696533,0,1,2
109,4,0.7446625232696533,0,1,2
110,0,0.7455934882164001,0,1,2
110,1,0.7455934882164001,0,1,1
110,2,0.7455934882164001,0,1,2
110,3,0.7455934882164001,0,1,1
110,4,0.7455934882164001,1,0,1
111,0,0.7464566230773926,0,1,2
111,1,0.7464566230773926,0,1,1
111,2,0.7464566230773926,1,0,2
111,3,0.7464566230773926,0,1,2
111,4,0.7464566230773926,0,1,2
112,0,0.7483587861061096,1,0,1
112,1,0.7483587861061096,0,1,2
112,2,0.7483587861061096,1,0,2
112,3,0.7483587861061096,0,1,2
112,4,0.7483587861061096,0,1,2
113,0,0.7486482262611389,1,0,1
113,1,0.7486482262611389,0,1,2
113,2,0.7486482262611389,1,0,0
113,3,0.7486482262611389,0,1,1
113,4,0.7486482262611389,1,0,1
114,0,0.7492778301239014,1,0,1
114,1,0.7492778301239014,0,1,1
114,2,0.7492778301239014,0,1,2
114,3,0.7492778301239014,0,1,2
114,4,0.7492778301239014,0,1,1
115,0,0.7497931718826294,0,1,2
115,1,0.7497931718826294,0,1,1
115,2,0.7497931718826294,0,1,1
115,3,0.7497931718826294,0,1,1
115,4,0.7497931718826294,0,1,2
116,0,0.7501221299171448,0,1,2
116,1,0.7501221299171448,0,1,1
116,2,0.7501221299171448,0,1,2
116,3,0.7501221299171448,0,1,2
116,4,0.7501221299171448,0,1,2
117,0,0.7508251667022705,0,1,2
117,1,0.7508251667022705,1,0,0
117,2,0.7508251667022705,0,1,2
117,3,0.7508251667022705,1,0,1
117,4,0.7508251667022705,0,1,1
118,0,0.7520017623901367,0,1,2
118,1,0.7520017623901367,0,1,1
118,2,0.7520017623901367,0,1,2
118,3,0.7520017623901367,0,1,1
118,4,0.7520017623901367,0,1,1
119,0,0.7524767518043518,1,0,1
119,1,0.7524767518043518,0,1,2
119,2,0.7524767518043518,1,0,1
119,3,0.7524767518043518,0,1,2
119,4,0.7524767518043518,0,1,2
120,0,0.7529236674308777,1,0,1
120,1,0.7529236674308777,1,0,2
120,2,0.7529236674308777,0,1,2
120,3,0.7529236674308777,0,1,2
120,4,0.7529236674308777,0,1,1
121,0,0.7533438205718994,0,1,2
121,1,0.7533438205718994,1,0,2
121,2,0.7533438205718994,0,1,1
121,3,0.7533438205718994,0,1,1
121,4,0.7533438205718994,0,1,2
122,0,0.7545216083526611,0,1,2
122,1,0.7545216083526611,1,0,1
122,2,0.7545216083526611,0,1,1
122,3,0.7545216083526611,0,1,1
122,4,0.7545216083526611,0,1,2
123,0,0.7551741600036621,0,1,2
123,1,0.7551741600036621,0,1,2
123,2,0.7551741600036621,0,1,2
123,3,0.7551741600036621,1,0,1
123,4,0.7551741600036621,0,1,2
124,0,0.7556394338607788,0,1,1
124,1,0.7556394338607788,0,1,2
124,2,0.7556394338607788,0,1,2
124,3,0.7556394338607788,0,1,1
124,4,0.7556394338607788,0,1,1
125,0,0.7556531429290771,0,1,1
125,1,0.7556531429290771,1,0,1
125,2,0.7556531429290771,0,1,2
125,3,0.7556531429290771,0,1,1
125,4,0.7556531429290771,0,1,2
126,0,0.7560028433799744,0,1,2
126,1,0.7560028433799744,0,1,1
126,2,0.7560028433799744,0,1,1
126,3,0.7560028433799744,0,1,2
126,4,0.7560028433799744,0,1,2
127,0,0.7565584182739258,0,1,2
127,1,0.7565584182739258,0,1,1
127,2,0.7565584182739258,0,1,1
127,3,0.7565584182739258,0,1,1
127,4,0.7565584182739258,0,1,1
128,0,0.757864236831665,0,1,1
128,1,0.757864236831665,0,1,2
128,2,0.757864236831665,1,0,1
128,3,0.757864236831665,0,1,2
128,4,0.757864236831665,0,1,1
129,0,0.7588586807250977,0,1,2
129,1,0.7588586807250977,0,1,1
129,2,0.7588586807250977,1,0,1
129,3,0.7588586807250977,0,1,2
129,4,0.7588586807250977,0,1,1
130,0,0.7601907253265381,0,1,2
130,1,0.7601907253265381,0,1,2
130,2,0.7601907253265381,1,0,1
130,3,0.7601907253265381,0,1,2
130,4,0.7601907253265381,0,1,1
131,0,0.7605379223823547,0,1,1
131,1,0.7605379223823547,0,1,1
131,2,0.7605379223823547,1,0,2
131,3,0.7605379223823547,0,1,2
131,4,0.7605379223823547,0,1,2
132,0,0.7607772350311279,0,1,1
132,1,0.7607772350311279,0,1,1
132,2,0.7607772350311279,0,1,2
132,3,0.7607772350311279,0,1,2
132,4,0.7607772350311279,0,1,1
133,0,0.7608765363693237,0,1,2
133,1,0.7608765363693237,1,0,2
133,2,0.7608765363693237,0,1,1
133,3,0.7608765363693237,0,1,2
133,4,0.7608765363693237,0,1,2
134,0,0.7610350847244263,1,0,1
134,1,0.7610350847244263,0,1,2
134,2,0.7610350847244263,0,1,2
134,3,0.7610350847244263,0,1,1
134,4,0.7610350847244263,0,1,1
135,0,0.7612135410308838,0,1,2
135,1,0.7612135410308838,1,0,1
135,2,0.7612135410308838,1,0,1
135,3,0.7612135410308838,0,1,1
135,4,0.7612135410308838,0,1,2
136,0,0.7619832158088684,0,1,1
136,1,0.7619832158088684,0,1,1
136,2,0.7619832158088684,1,0,1
136,3,0.7619832158088684,0,1,1
136,4,0.7619832158088684,1,0,1
137,0,0.7628504037857056,0,1,1
137,1,0.7628504037857056,1,0,2
137,2,0.7628504037857056,1,0,2
137,3,0.7628504037857056,0,1,2
137,4,0.7628504037857056,0,1,2
138,0,0.7640275359153748,0,1,1
138,1,0.7640275359153748,0,1,2
138,2,0.7640275359153748,0,1,1
138,3,0.7640275359153748,1,0,0
138,4,0.7640275359153748,0,1,2
139,0,0.7641371488571167,0,1,1
139,1,0.7641371488571167,0,1,1
139,2,0.7641371488571167,0,1,2
139,3,0.7641371488571167,0,1,2
139,4,0.7641371488571167,0,1,1
140,0,0.765420138835907,0,1,1
140,1,0.765420138835907,0,1,2
140,2,0.765420138835907,0,1,2
140,3,0.765420138835907,0,1,1
140,4,0.765420138835907,0,1,1
141,0,0.7657913565635681,0,1,2
141,1,0.7657913565635681,0,1,2
141,2,0.7657913565635681,0,1,1
141,3,0.7657913565635681,1,0,1
141,4,0.7657913565635681,0,1,2
142,0,0.7658403515815735,0,1,2
142,1,0.7658403515815735,0,1,2
142,2,0.7658403515815735,0,1,1
142,3,0.7658403515815735,0,1,1
142,4,0.7658403515815735,0,1,1
143,0,0.7686495780944824,0,1,1
143,1,0.7686495780944824,1,0,1
143,2,0.7686495780944824,0,1,1
143,3,0.7686495780944824,0,1,1
143,4,0.7686495780944824,0,1,2
144,0,0.7691644430160522,0,1,2
144,1,0.7691644430160522,0,1,2
144,2,0.7691644430160522,0,1,2
144,3,0.7691644430160522,1,0,1
144,4,0.7691644430160522,1,0,1
145,0,0.7699333429336548,1,0,1
145,1,0.7699333429336548,0,1,2
145,2,0.7699333429336548,1,0,1
145,3,0.7699333429336548,1,0,1
145,4,0.7699333429336548,0,1,2
146,0,0.7699739933013916,0,1,1
146,1,0.7699739933013916,0,1,1
146,2,0.7699739933013916,0,1,1
146,3,0.7699739933013916,0,1,2
146,4,0.7699739933013916,0,1,1
147,0,0.769991934299469,1,0,1
147,1,0.769991934299469,1,0,1
147,2,0.769991934299469,0,1,2
147,3,0.769991934299469,1,0,1
147,4,0.769991934299469,0,1,2
148,0,0.7705024480819702,0,1,1
148,1,0.7705024480819702,0,1,2
148,2,0.7705024480819702,0,1,2
148,3,0.7705024480819702,0,1,2
148,4,0.7705024480819702,0,1,2
149,0,0.7705368399620056,0,1,1
149,1,0.7705368399620056,0,1,2
149,2,0.7705368399620056,0,1,1
149,3,0.7705368399620056,0,1,1
149,4,0.7705368399620056,0,1,2
150,0,0.7713063359260559,1,0,2
150,1,0.7713063359260559,0,1,2
150,2,0.7713063359260559,0,1,2
150,3,0.7713063359260559,0,1,2
150,4,0.7713063359260559,0,1,2
151,0,0.7721722722053528,0,1,2
151,1,0.7721722722053528,0,1,1
151,2,0.7721722722053528,1,0,1
151,3,0.7721722722053528,0,1,2
151,4,0.7721722722053528,1,0,1
152,0,0.7766402363777161,0,1,2
152,1,0.7766402363777161,1,0,2
152,2,0.7766402363777161,0,1,2
152,3,0.7766402363777161,0,1,2
152,4,0.7766402363777161,0,1,1
153,0,0.7771102786064148,0,1,2
153,1,0.7771102786064148,0,1,2
153,2,0.7771102786064148,0,1,2
153,3,0.7771102786064148,0,1,2
153,4,0.7771102786064148,0,1,1
154,0,0.7778715491294861,0,1,1
154,1,0.7778715491294861,0,1,1
154,2,0.7778715491294861,0,1,1
154,3,0.7778715491294861,0,1,1
154,4,0.7778715491294861,0,1,2
155,0,0.7780207991600037,0,1,1
155,1,0.7780207991600037,0,1,2
155,2,0.7780207991600037,0,1,1
155,3,0.7780207991600037,0,1,1
155,4,0.7780207991600037,0,1,1
156,0,0.7780922651290894,0,1,1
156,1,0.7780922651290894,0,1,2
156,2,0.7780922651290894,0,1,2
156,3,0.7780922651290894,0,1,1
156,4,0.7780922651290894,0,1,1
157,0,0.7786251306533813,0,1,1
157,1,0.7786251306533813,0,1,2
157,2,0.7786251306533813,0,1,1
157,3,0.7786251306533813,0,1,2
157,4,0.7786251306533813,0,1,1
158,0,0.7796905636787415,0,1,1
158,1,0.7796905636787415,0,1,2
158,2,0.7796905636787415,0,1,1
158,3,0.7796905636787415,0,1,2
158,4,0.7796905636787415,0,1,2
159,0,0.779874324798584,1,0,2
159,1,0.779874324798584,0,1,2
159,2,0.779874324798584,1,0,1
159,3,0.779874324798584,1,0,1
159,4,0.779874324798584,0,1,2
160,0,0.7809721827507019,0,1,1
160,1,0.7809721827507019,0,1,2
160,2,0.7809721827507019,0,1,2
160,3,0.7809721827507019,0,1,2
160,4,0.7809721827507019,0,1,2
161,0,0.7830848097801208,0,1,2
161,1,0.7830848097801208,0,1,2
161,2,0.7830848097801208,0,1,1
161,3,0.7830848097801208,0,1,2
161,4,0.7830848097801208,0,1,1
162,0,0.7840155959129333,0,1,2
162,1,0.7840155959129333,1,0,0
162,2,0.7840155959129333,0,1,2
162,3,0.7840155959129333,0,1,2
162,4,0.7840155959129333,0,1,2
163,0,0.7872195243835449,0,1,2
163,1,0.7872195243835449,0,1,1
163,2,0.7872195243835449,0,1,1
163,3,0.7872195243835449,0,1,2
163,4,0.7872195243835449,0,1,2
164,0,0.7873895168304443,0,1,2
164,1,0.7873895168304443,0,1,1
164,2,0.7873895168304443,1,0,1
164,3,0.7873895168304443,0,1,2
164,4,0.7873895168304443,0,1,1
165,0,0.7982831001281738,0,1,1
165,1,0.7982831001281738,0,1,1
165,2,0.7982831001281738,0,1,2
165,3,0.7982831001281738,0,1,2
165,4,0.7982831001281738,0,1,1
166,0,0.7993809580802917,0,1,2
166,1,0.7993809580802917,0,1,2
166,2,0.7993809580802917,0,1,2
166,3,0.7993809580802917,1,0,1
166,4,0.7993809580802917,1,0,1
167,0,0.7999948859214783,0,1,2
167,1,0.7999948859214783,1,0,1
167,2,0.7999948859214783,1,0,1
167,3,0.7999948859214783,1,0,2
167,4,0.7999948859214783,1,0,1
168,0,0.8021158576011658,0,1,2
168,1,0.8021158576011658,0,1,2
168,2,0.8021158576011658,0,1,2
168,3,0.8021158576011658,1,0,1
168,4,0.8021158576011658,1,0,1
169,0,0.803103506565094,0,1,1
169,1,0.803103506565094,0,1,2
169,2,0.803103506565094,0,1,2
169,3,0.803103506565094,0,1,2
169,4,0.803103506565094,0,1,1
170,0,0.8054448962211609,0,1,2
170,1,0.8054448962211609,0,1,2
170,2,0.8054448962211609,0,1,1
170,3,0.8054448962211609,0,1,1
170,4,0.8054448962211609,0,1,1
171,0,0.8055070638656616,0,1,2
171,1,0.8055070638656616,0,1,2
171,2,0.8055070638656616,0,1,2
171,3,0.8055070638656616,0,1,2
171,4,0.8055070638656616,0,1,2
172,0,0.8076916337013245,0,1,1
172,1,0.8076916337013245,0,1,2
172,2,0.8076916337013245,0,1,2
172,3,0.8076916337013245,0,1,1
172,4,0.8076916337013245,0,1,2
173,0,0.8077548742294312,0,1,1
173,1,0.8077548742294312,0,1,2
173,2,0.8077548742294312,0,1,2
173,3,0.8077548742294312,0,1,2
173,4,0.8077548742294312,0,1,2
174,0,0.8086263537406921,0,1,2
174,1,0.8086263537406921,1,0,1
174,2,0.8086263537406921,0,1,1
174,3,0.8086263537406921,0,1,1
174,4,0.8086263537406921,1,0,1
175,0,0.8091903924942017,0,1,2
175,1,0.8091903924942017,0,1,1
175,2,0.8091903924942017,1,0,0
175,3,0.8091903924942017,1,0,2
175,4,0.8091903924942017,0,1,2
176,0,0.8099831342697144,0,1,2
176,1,0.8099831342697144,0,1,2
176,2,0.8099831342697144,1,0,1
176,3,0.8099831342697144,1,0,1
176,4,0.8099831342697144,0,1,2
177,0,0.811549186706543,0,1,2
177,1,0.811549186706543,1,0,1
177,2,0.811549186706543,0,1,2
177,3,0.811549186706543,0,1,2
177,4,0.811549186706543,0,1,2
178,0,0.8115795254707336,0,1,2
178,1,0.8115795254707336,0,1,2
178,2,0.8115795254707336,0,1,2
178,3,0.8115795254707336,0,1,2
178,4,0.8115795254707336,0,1,2
179,0,0.8133455514907837,0,1,1
179,1,0.8133455514907837,0,1,1
179,2,0.8133455514907837,0,1,1
179,3,0.8133455514907837,0,1,2
179,4,0.8133455514907837,1,0,1
180,0,0.8166295289993286,0,1,2
180,1,0.8166295289993286,1,0,1
180,2,0.8166295289993286,0,1,2
180,3,0.8166295289993286,0,1,2
180,4,0.8166295289993286,0,1,2
181,0,0.8178704977035522,0,1,1
181,1,0.8178704977035522,0,1,1
181,2,0.8178704977035522,0,1,1
181,3,0.8178704977035522,1,0,1
181,4,0.8178704977035522,0,1,2
182,0,0.8223133683204651,0,1,1
182,1,0.8223133683204651,0,1,1
182,2,0.8223133683204651,0,1,1
182,3,0.8223133683204651,0,1,1
182,4,0.8223133683204651,0,1,1
183,0,0.8250452280044556,0,1,2
183,1,0.8250452280044556,0,1,2
183,2,0.8250452280044556,1,0,1
183,3,0.8250452280044556,1,0,1
183,4,0.8250452280044556,1,0,2
184,0,0.8254395723342896,0,1,1
184,1,0.8254395723342896,0,1,2
184,2,0.8254395723342896,0,1,2
184,3,0.8254395723342896,1,0,1
184,4,0.8254395723342896,0,1,2
185,0,0.8270230293273926,0,1,2
185,1,0.8270230293273926,0,1,2
185,2,0.8270230293273926,0,1,2
185,3,0.8270230293273926,0,1,2
185,4,0.8270230293273926,0,1,2
186,0,0.8308349251747131,0,1,2
186,1,0.8308349251747131,0,1,2
186,2,0.8308349251747131,0,1,2
186,3,0.8308349251747131,0,1,2
186,4,0.8308349251747131,0,1,1
187,0,0.8325600028038025,0,1,2
187,1,0.8325600028038025,0,1,1
187,2,0.8325600028038025,0,1,2
187,3,0.8325600028038025,0,1,2
187,4,0.8325600028038025,1,0,2
188,0,0.8380281329154968,0,1,1
188,1,0.8380281329154968,0,1,2
188,2,0.8380281329154968,0,1,2
188,3,0.8380281329154968,0,1,2
188,4,0.8380281329154968,0,1,2
189,0,0.8390951752662659,0,1,2
189,1,0.8390951752662659,0,1,2
189,2,0.8390951752662659,0,1,2
189,3,0.8390951752662659,0,1,1
189,4,0.8390951752662659,0,1,2
190,0,0.8435019850730896,0,1,2
190,1,0.8435019850730896,1,0,1
190,2,0.8435019850730896,0,1,2
190,3,0.8435019850730896,1,0,2
190,4,0.8435019850730896,0,1,2
191,0,0.8477062582969666,0,1,1
191,1,0.8477062582969666,0,1,1
191,2,0.8477062582969666,0,1,1
191,3,0.8477062582969666,0,1,1
191,4,0.8477062582969666,0,1,1
192,0,0.8501431345939636,1,0,1
192,1,0.8501431345939636,0,1,2
192,2,0.8501431345939636,0,1,2
192,3,0.8501431345939636,0,1,2
192,4,0.8501431345939636,1,0,1
193,0,0.8512146472930908,0,1,1
193,1,0.8512146472930908,0,1,1
193,2,0.8512146472930908,0,1,1
193,3,0.8512146472930908,0,1,2
193,4,0.8512146472930908,0,1,1
194,0,0.8512171506881714,0,1,1
194,1,0.8512171506881714,0,1,1
194,2,0.8512171506881714,0,1,2
194,3,0.8512171506881714,0,1,1
194,4,0.8512171506881714,0,1,1
195,0,0.8545416593551636,0,1,1
195,1,0.8545416593551636,0,1,1
195,2,0.8545416593551636,0,1,2
195,3,0.8545416593551636,0,1,1
195,4,0.8545416593551636,0,1,2
196,0,0.8711784482002258,0,1,2
196,1,0.8711784482002258,0,1,1
196,2,0.8711784482002258,0,1,1
196,3,0.8711784482002258,0,1,2
196,4,0.8711784482002258,0,1,2
197,0,0.8945263624191284,0,1,2
197,1,0.8945263624191284,0,1,2
197,2,0.8945263624191284,0,1,2
197,3,0.8945263624191284,0,1,2
197,4,0.8945263624191284,0,1,2
198,0,0.897914469242096,0,1,2
198,1,0.897914469242096,0,1,2
198,2,0.897914469242096,0,1,2
198,3,0.897914469242096,0,1,2
198,4,0.897914469242096,0,1,2
199,0,0.90256667137146,0,1,2
199,1,0.90256667137146,0,1,2
199,2,0.90256667137146,0,1,1
199,3,0.90256667137146,0,1,1
199,4,0.90256667137146,0,1,2
