label,seed,n_cf,queries_with_no_cf,validity,actionability_eq1,act_route,proximity_L1,sparsity,n_changes,indicator_changes,cf_touching_indicator,unsupported_role_rule,unsupported_edge_rule,fully_unactionable,admissible_universal,admissible_existential,reading_gap,rounds_mean,rounds_max,grades
baseline_published,42,1000,0,0.82,0.985,0.8546666666666667,1.44325,0.0714285714285714,1500,331,323,185,210,104,790,790,0,1.0,1,
route_A_lever,42,1000,0,0.852,0.987,1.0,1.559098484848485,0.0722857142857142,1518,170,170,0,0,0,1000,1000,0,1.715,4,
route_B_lever_treatable,42,1000,0,0.8619999999999999,0.99,1.0,1.5677227272727274,0.0744285714285714,1563,240,240,80,80,0,1000,1000,0,1.545,3,
baseline_published,123,1000,0,0.823,0.984,0.8581746552856204,1.4801545454545455,0.0725238095238095,1523,338,329,174,207,109,793,793,0,1.0,1,
route_A_lever,123,1000,0,0.8760000000000001,0.985,1.0,1.6121757575757578,0.0718571428571428,1509,149,149,0,0,0,1000,1000,0,1.675,4,
route_B_lever_treatable,123,1000,0,0.8809999999999999,0.985,1.0,1.6113681818181818,0.0729523809523809,1532,206,206,66,66,0,1000,1000,0,1.54,3,
baseline_published,2024,1000,0,0.823,0.987,0.8516042780748663,1.463910606060606,0.0712380952380952,1496,317,308,165,213,99,787,787,0,1.0,1,
route_A_lever,2024,1000,0,0.862,0.987,1.0,1.5663303030303033,0.0711428571428571,1494,156,156,0,0,0,1000,1000,0,1.67,4,
route_B_lever_treatable,2024,1000,0,0.86,0.988,1.0,1.5677257575757575,0.0723809523809523,1520,202,202,58,58,0,1000,1000,0,1.52,3,
baseline_published,7,1000,0,0.8059999999999999,0.9870000000000002,0.8599348534201954,1.4730469696969697,0.0730952380952381,1535,341,330,176,204,110,796,796,0,1.0,1,
route_A_lever,7,1000,0,0.8580000000000001,0.986,1.0,1.556889393939394,0.0708095238095238,1487,146,146,0,0,0,1000,1000,0,1.645,4,
route_B_lever_treatable,7,1000,0,0.855,0.988,1.0,1.5514166666666669,0.0718095238095238,1508,193,193,54,54,0,1000,1000,0,1.54,4,
baseline_published,31337,1000,0,0.825,0.984,0.8651382333108564,1.4685227272727277,0.0706190476190476,1483,303,296,153,193,88,807,807,0,1.0,1,
route_A_lever,31337,1000,0,0.8630000000000001,0.984,1.0,1.576169696969697,0.0708095238095238,1487,146,146,0,0,0,1000,1000,0,1.665,5,
route_B_lever_treatable,31337,1000,0,0.866,0.985,1.0,1.583918181818182,0.0728571428571428,1530,211,211,75,75,0,1000,1000,0,1.53,3,
route_C_lever_graded,42,1000,0,0.843,0.985,1.0,1.5152454545454546,0.06733333333333333,1414,0,0,0,0,0,1000,1000,0,1.985,4,ABC
route_C_lever_graded,123,1000,0,0.87,0.9840000000000001,1.0,1.5741575757575756,0.06766666666666667,1421,0,0,0,0,0,1000,1000,0,2.005,7,ABC
route_C_lever_graded,2024,1000,0,0.8510000000000001,0.9869999999999999,1.0,1.5556121212121212,0.06723809523809524,1412,0,0,0,0,0,1000,1000,0,1.975,4,ABC
route_C_lever_graded,7,1000,0,0.843,0.9840000000000001,1.0,1.5248424242424243,0.06704761904761905,1408,0,0,0,0,0,1000,1000,0,1.96,5,ABC
route_C_lever_graded,31337,1000,0,0.8490000000000001,0.9830000000000001,1.0,1.5320333333333331,0.067,1407,0,0,0,0,0,1000,1000,0,1.96,5,ABC
