seed,config,auc,validity,actionability,total_changes,indicator_changes,unsupported_cfs,pure_indicator_cfs,queries_no_cf
42,published,0.8234,0.819,0.985,1523,350,171,110,0
42,graph,0.8234,0.861,0.985,1480,0,0,0,0
123,published,0.8225,0.79,0.978,1483,298,178,103,0
123,graph,0.8225,0.795,0.963,1409,0,0,0,0
2024,published,0.8184,0.794,0.982,1511,323,177,111,0
2024,graph,0.8184,0.844,0.982,1481,0,0,0,0
7,published,0.8226,0.809,0.983,1516,315,178,98,0
7,graph,0.8226,0.827,0.974,1470,0,0,0,0
31337,published,0.8202,0.794,0.974,1479,291,160,96,0
31337,graph,0.8202,0.806,0.967,1410,0,0,0,0
